#
# TABLE STRUCTURE FOR: communities
#

DROP TABLE IF EXISTS `communities`;

CREATE TABLE `communities` (
  `id` int(10) unsigned NOT NULL AUTO_INCREMENT,
  `name` varchar(150) COLLATE utf8_unicode_ci NOT NULL,
  PRIMARY KEY (`id`),
  UNIQUE KEY `name` (`name`)
) ENGINE=InnoDB AUTO_INCREMENT=101 DEFAULT CHARSET=utf8 COLLATE=utf8_unicode_ci;

INSERT INTO `communities` (`id`, `name`) VALUES (62, 'accusamus');
INSERT INTO `communities` (`id`, `name`) VALUES (36, 'aliquam');
INSERT INTO `communities` (`id`, `name`) VALUES (22, 'aspernatur');
INSERT INTO `communities` (`id`, `name`) VALUES (66, 'assumenda');
INSERT INTO `communities` (`id`, `name`) VALUES (52, 'atque');
INSERT INTO `communities` (`id`, `name`) VALUES (20, 'aut');
INSERT INTO `communities` (`id`, `name`) VALUES (12, 'autem');
INSERT INTO `communities` (`id`, `name`) VALUES (17, 'blanditiis');
INSERT INTO `communities` (`id`, `name`) VALUES (38, 'consectetur');
INSERT INTO `communities` (`id`, `name`) VALUES (25, 'consequatur');
INSERT INTO `communities` (`id`, `name`) VALUES (77, 'consequuntur');
INSERT INTO `communities` (`id`, `name`) VALUES (70, 'cupiditate');
INSERT INTO `communities` (`id`, `name`) VALUES (74, 'delectus');
INSERT INTO `communities` (`id`, `name`) VALUES (96, 'deleniti');
INSERT INTO `communities` (`id`, `name`) VALUES (53, 'dicta');
INSERT INTO `communities` (`id`, `name`) VALUES (19, 'dignissimos');
INSERT INTO `communities` (`id`, `name`) VALUES (27, 'distinctio');
INSERT INTO `communities` (`id`, `name`) VALUES (34, 'dolore');
INSERT INTO `communities` (`id`, `name`) VALUES (10, 'dolorem');
INSERT INTO `communities` (`id`, `name`) VALUES (67, 'dolores');
INSERT INTO `communities` (`id`, `name`) VALUES (33, 'ducimus');
INSERT INTO `communities` (`id`, `name`) VALUES (14, 'ea');
INSERT INTO `communities` (`id`, `name`) VALUES (32, 'eius');
INSERT INTO `communities` (`id`, `name`) VALUES (6, 'enim');
INSERT INTO `communities` (`id`, `name`) VALUES (18, 'eos');
INSERT INTO `communities` (`id`, `name`) VALUES (56, 'est');
INSERT INTO `communities` (`id`, `name`) VALUES (23, 'et');
INSERT INTO `communities` (`id`, `name`) VALUES (89, 'excepturi');
INSERT INTO `communities` (`id`, `name`) VALUES (45, 'exercitationem');
INSERT INTO `communities` (`id`, `name`) VALUES (15, 'expedita');
INSERT INTO `communities` (`id`, `name`) VALUES (43, 'facere');
INSERT INTO `communities` (`id`, `name`) VALUES (92, 'facilis');
INSERT INTO `communities` (`id`, `name`) VALUES (59, 'fuga');
INSERT INTO `communities` (`id`, `name`) VALUES (13, 'fugiat');
INSERT INTO `communities` (`id`, `name`) VALUES (24, 'fugit');
INSERT INTO `communities` (`id`, `name`) VALUES (93, 'harum');
INSERT INTO `communities` (`id`, `name`) VALUES (39, 'id');
INSERT INTO `communities` (`id`, `name`) VALUES (2, 'illum');
INSERT INTO `communities` (`id`, `name`) VALUES (83, 'impedit');
INSERT INTO `communities` (`id`, `name`) VALUES (49, 'in');
INSERT INTO `communities` (`id`, `name`) VALUES (55, 'incidunt');
INSERT INTO `communities` (`id`, `name`) VALUES (94, 'inventore');
INSERT INTO `communities` (`id`, `name`) VALUES (47, 'ipsum');
INSERT INTO `communities` (`id`, `name`) VALUES (95, 'iusto');
INSERT INTO `communities` (`id`, `name`) VALUES (30, 'labore');
INSERT INTO `communities` (`id`, `name`) VALUES (61, 'laudantium');
INSERT INTO `communities` (`id`, `name`) VALUES (21, 'modi');
INSERT INTO `communities` (`id`, `name`) VALUES (50, 'mollitia');
INSERT INTO `communities` (`id`, `name`) VALUES (91, 'natus');
INSERT INTO `communities` (`id`, `name`) VALUES (90, 'nesciunt');
INSERT INTO `communities` (`id`, `name`) VALUES (99, 'nihil');
INSERT INTO `communities` (`id`, `name`) VALUES (85, 'nobis');
INSERT INTO `communities` (`id`, `name`) VALUES (75, 'non');
INSERT INTO `communities` (`id`, `name`) VALUES (9, 'nulla');
INSERT INTO `communities` (`id`, `name`) VALUES (3, 'occaecati');
INSERT INTO `communities` (`id`, `name`) VALUES (1, 'odio');
INSERT INTO `communities` (`id`, `name`) VALUES (69, 'officia');
INSERT INTO `communities` (`id`, `name`) VALUES (48, 'officiis');
INSERT INTO `communities` (`id`, `name`) VALUES (72, 'omnis');
INSERT INTO `communities` (`id`, `name`) VALUES (57, 'perferendis');
INSERT INTO `communities` (`id`, `name`) VALUES (98, 'perspiciatis');
INSERT INTO `communities` (`id`, `name`) VALUES (11, 'placeat');
INSERT INTO `communities` (`id`, `name`) VALUES (64, 'possimus');
INSERT INTO `communities` (`id`, `name`) VALUES (81, 'praesentium');
INSERT INTO `communities` (`id`, `name`) VALUES (44, 'provident');
INSERT INTO `communities` (`id`, `name`) VALUES (29, 'quaerat');
INSERT INTO `communities` (`id`, `name`) VALUES (97, 'quam');
INSERT INTO `communities` (`id`, `name`) VALUES (86, 'quas');
INSERT INTO `communities` (`id`, `name`) VALUES (88, 'quasi');
INSERT INTO `communities` (`id`, `name`) VALUES (46, 'qui');
INSERT INTO `communities` (`id`, `name`) VALUES (100, 'quibusdam');
INSERT INTO `communities` (`id`, `name`) VALUES (78, 'quidem');
INSERT INTO `communities` (`id`, `name`) VALUES (87, 'quis');
INSERT INTO `communities` (`id`, `name`) VALUES (63, 'quo');
INSERT INTO `communities` (`id`, `name`) VALUES (8, 'quod');
INSERT INTO `communities` (`id`, `name`) VALUES (71, 'quos');
INSERT INTO `communities` (`id`, `name`) VALUES (16, 'rem');
INSERT INTO `communities` (`id`, `name`) VALUES (73, 'reprehenderit');
INSERT INTO `communities` (`id`, `name`) VALUES (37, 'rerum');
INSERT INTO `communities` (`id`, `name`) VALUES (58, 'saepe');
INSERT INTO `communities` (`id`, `name`) VALUES (7, 'sapiente');
INSERT INTO `communities` (`id`, `name`) VALUES (80, 'sed');
INSERT INTO `communities` (`id`, `name`) VALUES (42, 'sequi');
INSERT INTO `communities` (`id`, `name`) VALUES (28, 'sint');
INSERT INTO `communities` (`id`, `name`) VALUES (65, 'sit');
INSERT INTO `communities` (`id`, `name`) VALUES (54, 'soluta');
INSERT INTO `communities` (`id`, `name`) VALUES (60, 'sunt');
INSERT INTO `communities` (`id`, `name`) VALUES (76, 'temporibus');
INSERT INTO `communities` (`id`, `name`) VALUES (84, 'tenetur');
INSERT INTO `communities` (`id`, `name`) VALUES (26, 'ullam');
INSERT INTO `communities` (`id`, `name`) VALUES (68, 'ut');
INSERT INTO `communities` (`id`, `name`) VALUES (5, 'vel');
INSERT INTO `communities` (`id`, `name`) VALUES (41, 'velit');
INSERT INTO `communities` (`id`, `name`) VALUES (40, 'veniam');
INSERT INTO `communities` (`id`, `name`) VALUES (51, 'veritatis');
INSERT INTO `communities` (`id`, `name`) VALUES (35, 'vitae');
INSERT INTO `communities` (`id`, `name`) VALUES (4, 'voluptas');
INSERT INTO `communities` (`id`, `name`) VALUES (31, 'voluptates');
INSERT INTO `communities` (`id`, `name`) VALUES (79, 'voluptatibus');
INSERT INTO `communities` (`id`, `name`) VALUES (82, 'voluptatum');


#
# TABLE STRUCTURE FOR: communities_users
#

DROP TABLE IF EXISTS `communities_users`;

CREATE TABLE `communities_users` (
  `community_id` int(10) unsigned NOT NULL,
  `user_id` int(10) unsigned NOT NULL,
  PRIMARY KEY (`community_id`,`user_id`)
) ENGINE=InnoDB DEFAULT CHARSET=utf8 COLLATE=utf8_unicode_ci;

INSERT INTO `communities_users` (`community_id`, `user_id`) VALUES (1, 1);
INSERT INTO `communities_users` (`community_id`, `user_id`) VALUES (2, 2);
INSERT INTO `communities_users` (`community_id`, `user_id`) VALUES (3, 3);
INSERT INTO `communities_users` (`community_id`, `user_id`) VALUES (4, 4);
INSERT INTO `communities_users` (`community_id`, `user_id`) VALUES (5, 5);
INSERT INTO `communities_users` (`community_id`, `user_id`) VALUES (6, 6);
INSERT INTO `communities_users` (`community_id`, `user_id`) VALUES (7, 7);
INSERT INTO `communities_users` (`community_id`, `user_id`) VALUES (8, 8);
INSERT INTO `communities_users` (`community_id`, `user_id`) VALUES (9, 9);
INSERT INTO `communities_users` (`community_id`, `user_id`) VALUES (10, 10);
INSERT INTO `communities_users` (`community_id`, `user_id`) VALUES (11, 11);
INSERT INTO `communities_users` (`community_id`, `user_id`) VALUES (12, 12);
INSERT INTO `communities_users` (`community_id`, `user_id`) VALUES (13, 13);
INSERT INTO `communities_users` (`community_id`, `user_id`) VALUES (14, 14);
INSERT INTO `communities_users` (`community_id`, `user_id`) VALUES (15, 15);
INSERT INTO `communities_users` (`community_id`, `user_id`) VALUES (16, 16);
INSERT INTO `communities_users` (`community_id`, `user_id`) VALUES (17, 17);
INSERT INTO `communities_users` (`community_id`, `user_id`) VALUES (18, 18);
INSERT INTO `communities_users` (`community_id`, `user_id`) VALUES (19, 19);
INSERT INTO `communities_users` (`community_id`, `user_id`) VALUES (20, 20);
INSERT INTO `communities_users` (`community_id`, `user_id`) VALUES (21, 21);
INSERT INTO `communities_users` (`community_id`, `user_id`) VALUES (22, 22);
INSERT INTO `communities_users` (`community_id`, `user_id`) VALUES (23, 23);
INSERT INTO `communities_users` (`community_id`, `user_id`) VALUES (24, 24);
INSERT INTO `communities_users` (`community_id`, `user_id`) VALUES (25, 25);
INSERT INTO `communities_users` (`community_id`, `user_id`) VALUES (26, 26);
INSERT INTO `communities_users` (`community_id`, `user_id`) VALUES (27, 27);
INSERT INTO `communities_users` (`community_id`, `user_id`) VALUES (28, 28);
INSERT INTO `communities_users` (`community_id`, `user_id`) VALUES (29, 29);
INSERT INTO `communities_users` (`community_id`, `user_id`) VALUES (30, 30);
INSERT INTO `communities_users` (`community_id`, `user_id`) VALUES (31, 31);
INSERT INTO `communities_users` (`community_id`, `user_id`) VALUES (32, 32);
INSERT INTO `communities_users` (`community_id`, `user_id`) VALUES (33, 33);
INSERT INTO `communities_users` (`community_id`, `user_id`) VALUES (34, 34);
INSERT INTO `communities_users` (`community_id`, `user_id`) VALUES (35, 35);
INSERT INTO `communities_users` (`community_id`, `user_id`) VALUES (36, 36);
INSERT INTO `communities_users` (`community_id`, `user_id`) VALUES (37, 37);
INSERT INTO `communities_users` (`community_id`, `user_id`) VALUES (38, 38);
INSERT INTO `communities_users` (`community_id`, `user_id`) VALUES (39, 39);
INSERT INTO `communities_users` (`community_id`, `user_id`) VALUES (40, 40);
INSERT INTO `communities_users` (`community_id`, `user_id`) VALUES (41, 41);
INSERT INTO `communities_users` (`community_id`, `user_id`) VALUES (42, 42);
INSERT INTO `communities_users` (`community_id`, `user_id`) VALUES (43, 43);
INSERT INTO `communities_users` (`community_id`, `user_id`) VALUES (44, 44);
INSERT INTO `communities_users` (`community_id`, `user_id`) VALUES (45, 45);
INSERT INTO `communities_users` (`community_id`, `user_id`) VALUES (46, 46);
INSERT INTO `communities_users` (`community_id`, `user_id`) VALUES (47, 47);
INSERT INTO `communities_users` (`community_id`, `user_id`) VALUES (48, 48);
INSERT INTO `communities_users` (`community_id`, `user_id`) VALUES (49, 49);
INSERT INTO `communities_users` (`community_id`, `user_id`) VALUES (50, 50);
INSERT INTO `communities_users` (`community_id`, `user_id`) VALUES (51, 51);
INSERT INTO `communities_users` (`community_id`, `user_id`) VALUES (52, 52);
INSERT INTO `communities_users` (`community_id`, `user_id`) VALUES (53, 53);
INSERT INTO `communities_users` (`community_id`, `user_id`) VALUES (54, 54);
INSERT INTO `communities_users` (`community_id`, `user_id`) VALUES (55, 55);
INSERT INTO `communities_users` (`community_id`, `user_id`) VALUES (56, 56);
INSERT INTO `communities_users` (`community_id`, `user_id`) VALUES (57, 57);
INSERT INTO `communities_users` (`community_id`, `user_id`) VALUES (58, 58);
INSERT INTO `communities_users` (`community_id`, `user_id`) VALUES (59, 59);
INSERT INTO `communities_users` (`community_id`, `user_id`) VALUES (60, 60);
INSERT INTO `communities_users` (`community_id`, `user_id`) VALUES (61, 61);
INSERT INTO `communities_users` (`community_id`, `user_id`) VALUES (62, 62);
INSERT INTO `communities_users` (`community_id`, `user_id`) VALUES (63, 63);
INSERT INTO `communities_users` (`community_id`, `user_id`) VALUES (64, 64);
INSERT INTO `communities_users` (`community_id`, `user_id`) VALUES (65, 65);
INSERT INTO `communities_users` (`community_id`, `user_id`) VALUES (66, 66);
INSERT INTO `communities_users` (`community_id`, `user_id`) VALUES (67, 67);
INSERT INTO `communities_users` (`community_id`, `user_id`) VALUES (68, 68);
INSERT INTO `communities_users` (`community_id`, `user_id`) VALUES (69, 69);
INSERT INTO `communities_users` (`community_id`, `user_id`) VALUES (70, 70);
INSERT INTO `communities_users` (`community_id`, `user_id`) VALUES (71, 71);
INSERT INTO `communities_users` (`community_id`, `user_id`) VALUES (72, 72);
INSERT INTO `communities_users` (`community_id`, `user_id`) VALUES (73, 73);
INSERT INTO `communities_users` (`community_id`, `user_id`) VALUES (74, 74);
INSERT INTO `communities_users` (`community_id`, `user_id`) VALUES (75, 75);
INSERT INTO `communities_users` (`community_id`, `user_id`) VALUES (76, 76);
INSERT INTO `communities_users` (`community_id`, `user_id`) VALUES (77, 77);
INSERT INTO `communities_users` (`community_id`, `user_id`) VALUES (78, 78);
INSERT INTO `communities_users` (`community_id`, `user_id`) VALUES (79, 79);
INSERT INTO `communities_users` (`community_id`, `user_id`) VALUES (80, 80);
INSERT INTO `communities_users` (`community_id`, `user_id`) VALUES (81, 81);
INSERT INTO `communities_users` (`community_id`, `user_id`) VALUES (82, 82);
INSERT INTO `communities_users` (`community_id`, `user_id`) VALUES (83, 83);
INSERT INTO `communities_users` (`community_id`, `user_id`) VALUES (84, 84);
INSERT INTO `communities_users` (`community_id`, `user_id`) VALUES (85, 85);
INSERT INTO `communities_users` (`community_id`, `user_id`) VALUES (86, 86);
INSERT INTO `communities_users` (`community_id`, `user_id`) VALUES (87, 87);
INSERT INTO `communities_users` (`community_id`, `user_id`) VALUES (88, 88);
INSERT INTO `communities_users` (`community_id`, `user_id`) VALUES (89, 89);
INSERT INTO `communities_users` (`community_id`, `user_id`) VALUES (90, 90);
INSERT INTO `communities_users` (`community_id`, `user_id`) VALUES (91, 91);
INSERT INTO `communities_users` (`community_id`, `user_id`) VALUES (92, 92);
INSERT INTO `communities_users` (`community_id`, `user_id`) VALUES (93, 93);
INSERT INTO `communities_users` (`community_id`, `user_id`) VALUES (94, 94);
INSERT INTO `communities_users` (`community_id`, `user_id`) VALUES (95, 95);
INSERT INTO `communities_users` (`community_id`, `user_id`) VALUES (96, 96);
INSERT INTO `communities_users` (`community_id`, `user_id`) VALUES (97, 97);
INSERT INTO `communities_users` (`community_id`, `user_id`) VALUES (98, 98);
INSERT INTO `communities_users` (`community_id`, `user_id`) VALUES (99, 99);
INSERT INTO `communities_users` (`community_id`, `user_id`) VALUES (100, 100);


#
# TABLE STRUCTURE FOR: friendship
#

DROP TABLE IF EXISTS `friendship`;

CREATE TABLE `friendship` (
  `user_id` int(10) unsigned NOT NULL,
  `friend_id` int(10) unsigned NOT NULL,
  `status_id` int(10) unsigned NOT NULL,
  `requested_at` datetime DEFAULT current_timestamp(),
  `confirmed_at` datetime DEFAULT NULL,
  PRIMARY KEY (`user_id`,`friend_id`)
) ENGINE=InnoDB DEFAULT CHARSET=utf8 COLLATE=utf8_unicode_ci;

INSERT INTO `friendship` (`user_id`, `friend_id`, `status_id`, `requested_at`, `confirmed_at`) VALUES (1, 1, 1, '2017-10-31 17:11:54', '1974-06-05 10:52:30');
INSERT INTO `friendship` (`user_id`, `friend_id`, `status_id`, `requested_at`, `confirmed_at`) VALUES (2, 2, 2, '1996-12-06 21:57:12', '2005-10-03 02:38:35');
INSERT INTO `friendship` (`user_id`, `friend_id`, `status_id`, `requested_at`, `confirmed_at`) VALUES (3, 3, 3, '2013-12-10 12:40:26', '1970-06-03 08:03:02');
INSERT INTO `friendship` (`user_id`, `friend_id`, `status_id`, `requested_at`, `confirmed_at`) VALUES (4, 4, 4, '1981-02-16 20:47:34', '1979-03-28 21:39:27');
INSERT INTO `friendship` (`user_id`, `friend_id`, `status_id`, `requested_at`, `confirmed_at`) VALUES (5, 5, 5, '2006-12-25 05:27:45', '1991-04-09 20:54:38');
INSERT INTO `friendship` (`user_id`, `friend_id`, `status_id`, `requested_at`, `confirmed_at`) VALUES (6, 6, 6, '2000-01-26 14:15:23', '1984-03-19 01:51:22');
INSERT INTO `friendship` (`user_id`, `friend_id`, `status_id`, `requested_at`, `confirmed_at`) VALUES (7, 7, 7, '2007-10-18 21:40:37', '1973-03-15 12:26:35');
INSERT INTO `friendship` (`user_id`, `friend_id`, `status_id`, `requested_at`, `confirmed_at`) VALUES (8, 8, 8, '1976-02-23 03:23:22', '2010-02-02 22:16:39');
INSERT INTO `friendship` (`user_id`, `friend_id`, `status_id`, `requested_at`, `confirmed_at`) VALUES (9, 9, 9, '2010-09-20 23:30:12', '1976-04-10 13:21:10');
INSERT INTO `friendship` (`user_id`, `friend_id`, `status_id`, `requested_at`, `confirmed_at`) VALUES (10, 10, 10, '2012-05-21 05:13:06', '1993-05-14 02:08:41');
INSERT INTO `friendship` (`user_id`, `friend_id`, `status_id`, `requested_at`, `confirmed_at`) VALUES (11, 11, 11, '1984-05-09 03:45:57', '2011-03-07 09:50:51');
INSERT INTO `friendship` (`user_id`, `friend_id`, `status_id`, `requested_at`, `confirmed_at`) VALUES (12, 12, 12, '1990-07-12 23:09:38', '1990-12-20 21:31:59');
INSERT INTO `friendship` (`user_id`, `friend_id`, `status_id`, `requested_at`, `confirmed_at`) VALUES (13, 13, 13, '1987-09-15 22:20:54', '2018-01-12 14:55:49');
INSERT INTO `friendship` (`user_id`, `friend_id`, `status_id`, `requested_at`, `confirmed_at`) VALUES (14, 14, 14, '2015-09-20 07:46:24', '2009-06-20 15:13:26');
INSERT INTO `friendship` (`user_id`, `friend_id`, `status_id`, `requested_at`, `confirmed_at`) VALUES (15, 15, 15, '2017-10-25 16:23:21', '1999-09-04 09:59:57');
INSERT INTO `friendship` (`user_id`, `friend_id`, `status_id`, `requested_at`, `confirmed_at`) VALUES (16, 16, 16, '1987-09-06 11:59:35', '1970-12-04 15:57:37');
INSERT INTO `friendship` (`user_id`, `friend_id`, `status_id`, `requested_at`, `confirmed_at`) VALUES (17, 17, 17, '1972-11-02 19:52:23', '1996-08-13 15:14:53');
INSERT INTO `friendship` (`user_id`, `friend_id`, `status_id`, `requested_at`, `confirmed_at`) VALUES (18, 18, 18, '2018-04-03 18:50:58', '1988-06-11 02:57:05');
INSERT INTO `friendship` (`user_id`, `friend_id`, `status_id`, `requested_at`, `confirmed_at`) VALUES (19, 19, 19, '2002-10-31 14:40:35', '1986-01-25 13:25:01');
INSERT INTO `friendship` (`user_id`, `friend_id`, `status_id`, `requested_at`, `confirmed_at`) VALUES (20, 20, 20, '1994-05-12 20:02:49', '2009-02-09 09:45:42');
INSERT INTO `friendship` (`user_id`, `friend_id`, `status_id`, `requested_at`, `confirmed_at`) VALUES (21, 21, 21, '1976-05-19 09:38:51', '2014-02-12 18:52:42');
INSERT INTO `friendship` (`user_id`, `friend_id`, `status_id`, `requested_at`, `confirmed_at`) VALUES (22, 22, 22, '2004-10-04 02:54:56', '2014-11-04 13:24:08');
INSERT INTO `friendship` (`user_id`, `friend_id`, `status_id`, `requested_at`, `confirmed_at`) VALUES (23, 23, 23, '1999-07-11 03:00:06', '2009-08-22 11:34:11');
INSERT INTO `friendship` (`user_id`, `friend_id`, `status_id`, `requested_at`, `confirmed_at`) VALUES (24, 24, 24, '1989-02-21 14:31:16', '2011-05-17 00:12:40');
INSERT INTO `friendship` (`user_id`, `friend_id`, `status_id`, `requested_at`, `confirmed_at`) VALUES (25, 25, 25, '1982-01-23 06:49:55', '2008-04-27 06:13:25');
INSERT INTO `friendship` (`user_id`, `friend_id`, `status_id`, `requested_at`, `confirmed_at`) VALUES (26, 26, 26, '1998-02-17 18:14:43', '1998-03-13 18:09:46');
INSERT INTO `friendship` (`user_id`, `friend_id`, `status_id`, `requested_at`, `confirmed_at`) VALUES (27, 27, 27, '1979-08-17 02:04:41', '1988-09-25 06:06:46');
INSERT INTO `friendship` (`user_id`, `friend_id`, `status_id`, `requested_at`, `confirmed_at`) VALUES (28, 28, 28, '1978-06-22 14:41:13', '1978-09-06 19:33:38');
INSERT INTO `friendship` (`user_id`, `friend_id`, `status_id`, `requested_at`, `confirmed_at`) VALUES (29, 29, 29, '2001-11-18 18:37:16', '2013-05-16 15:04:19');
INSERT INTO `friendship` (`user_id`, `friend_id`, `status_id`, `requested_at`, `confirmed_at`) VALUES (30, 30, 30, '2008-04-22 01:38:57', '1983-03-23 08:02:06');
INSERT INTO `friendship` (`user_id`, `friend_id`, `status_id`, `requested_at`, `confirmed_at`) VALUES (31, 31, 31, '1990-04-14 12:04:43', '1997-08-22 03:42:00');
INSERT INTO `friendship` (`user_id`, `friend_id`, `status_id`, `requested_at`, `confirmed_at`) VALUES (32, 32, 32, '1992-11-25 22:05:44', '1974-05-27 22:57:44');
INSERT INTO `friendship` (`user_id`, `friend_id`, `status_id`, `requested_at`, `confirmed_at`) VALUES (33, 33, 33, '2013-12-03 14:10:37', '2003-08-03 17:46:08');
INSERT INTO `friendship` (`user_id`, `friend_id`, `status_id`, `requested_at`, `confirmed_at`) VALUES (34, 34, 34, '2002-06-23 15:16:14', '1982-04-16 13:59:04');
INSERT INTO `friendship` (`user_id`, `friend_id`, `status_id`, `requested_at`, `confirmed_at`) VALUES (35, 35, 35, '1999-11-13 22:52:52', '2013-04-24 18:44:49');
INSERT INTO `friendship` (`user_id`, `friend_id`, `status_id`, `requested_at`, `confirmed_at`) VALUES (36, 36, 36, '1979-07-26 21:04:34', '2017-04-27 23:26:04');
INSERT INTO `friendship` (`user_id`, `friend_id`, `status_id`, `requested_at`, `confirmed_at`) VALUES (37, 37, 37, '1987-04-07 03:34:46', '1983-06-01 08:57:12');
INSERT INTO `friendship` (`user_id`, `friend_id`, `status_id`, `requested_at`, `confirmed_at`) VALUES (38, 38, 38, '1973-10-22 19:29:45', '1983-12-29 15:38:55');
INSERT INTO `friendship` (`user_id`, `friend_id`, `status_id`, `requested_at`, `confirmed_at`) VALUES (39, 39, 39, '2002-08-31 11:08:28', '2004-09-24 00:55:19');
INSERT INTO `friendship` (`user_id`, `friend_id`, `status_id`, `requested_at`, `confirmed_at`) VALUES (40, 40, 40, '1970-06-03 11:06:06', '1997-04-04 00:39:12');
INSERT INTO `friendship` (`user_id`, `friend_id`, `status_id`, `requested_at`, `confirmed_at`) VALUES (41, 41, 41, '2002-02-18 03:14:47', '2013-03-19 06:48:12');
INSERT INTO `friendship` (`user_id`, `friend_id`, `status_id`, `requested_at`, `confirmed_at`) VALUES (42, 42, 42, '2019-05-28 14:46:27', '2012-06-06 06:35:47');
INSERT INTO `friendship` (`user_id`, `friend_id`, `status_id`, `requested_at`, `confirmed_at`) VALUES (43, 43, 43, '1999-06-27 06:23:15', '1986-03-23 15:57:23');
INSERT INTO `friendship` (`user_id`, `friend_id`, `status_id`, `requested_at`, `confirmed_at`) VALUES (44, 44, 44, '1984-12-06 08:48:07', '1988-01-15 15:52:54');
INSERT INTO `friendship` (`user_id`, `friend_id`, `status_id`, `requested_at`, `confirmed_at`) VALUES (45, 45, 45, '1998-09-04 05:00:18', '2017-05-19 12:34:54');
INSERT INTO `friendship` (`user_id`, `friend_id`, `status_id`, `requested_at`, `confirmed_at`) VALUES (46, 46, 46, '2014-07-15 05:49:25', '1973-07-08 00:41:49');
INSERT INTO `friendship` (`user_id`, `friend_id`, `status_id`, `requested_at`, `confirmed_at`) VALUES (47, 47, 47, '1979-02-21 00:08:42', '1973-04-25 15:36:27');
INSERT INTO `friendship` (`user_id`, `friend_id`, `status_id`, `requested_at`, `confirmed_at`) VALUES (48, 48, 48, '1993-09-09 09:51:52', '2009-02-06 02:25:47');
INSERT INTO `friendship` (`user_id`, `friend_id`, `status_id`, `requested_at`, `confirmed_at`) VALUES (49, 49, 49, '1976-09-17 20:53:58', '2011-12-14 23:51:55');
INSERT INTO `friendship` (`user_id`, `friend_id`, `status_id`, `requested_at`, `confirmed_at`) VALUES (50, 50, 50, '2015-01-29 13:25:10', '1994-09-23 09:25:43');
INSERT INTO `friendship` (`user_id`, `friend_id`, `status_id`, `requested_at`, `confirmed_at`) VALUES (51, 51, 51, '2013-01-09 07:39:07', '1973-06-20 17:47:55');
INSERT INTO `friendship` (`user_id`, `friend_id`, `status_id`, `requested_at`, `confirmed_at`) VALUES (52, 52, 52, '2005-02-04 02:16:44', '1998-09-23 05:06:38');
INSERT INTO `friendship` (`user_id`, `friend_id`, `status_id`, `requested_at`, `confirmed_at`) VALUES (53, 53, 53, '1975-04-12 16:10:47', '1989-05-24 10:35:14');
INSERT INTO `friendship` (`user_id`, `friend_id`, `status_id`, `requested_at`, `confirmed_at`) VALUES (54, 54, 54, '2005-03-30 14:07:44', '1999-01-17 06:22:02');
INSERT INTO `friendship` (`user_id`, `friend_id`, `status_id`, `requested_at`, `confirmed_at`) VALUES (55, 55, 55, '1994-07-12 15:45:37', '1976-01-25 08:48:23');
INSERT INTO `friendship` (`user_id`, `friend_id`, `status_id`, `requested_at`, `confirmed_at`) VALUES (56, 56, 56, '1982-12-27 17:20:38', '1983-01-13 00:12:57');
INSERT INTO `friendship` (`user_id`, `friend_id`, `status_id`, `requested_at`, `confirmed_at`) VALUES (57, 57, 57, '1970-06-12 19:06:08', '1976-04-30 07:49:14');
INSERT INTO `friendship` (`user_id`, `friend_id`, `status_id`, `requested_at`, `confirmed_at`) VALUES (58, 58, 58, '1998-02-15 19:00:30', '2003-05-27 19:36:54');
INSERT INTO `friendship` (`user_id`, `friend_id`, `status_id`, `requested_at`, `confirmed_at`) VALUES (59, 59, 59, '1997-01-28 17:22:40', '1987-04-11 10:34:32');
INSERT INTO `friendship` (`user_id`, `friend_id`, `status_id`, `requested_at`, `confirmed_at`) VALUES (60, 60, 60, '2012-12-30 22:14:11', '1976-10-27 01:59:20');
INSERT INTO `friendship` (`user_id`, `friend_id`, `status_id`, `requested_at`, `confirmed_at`) VALUES (61, 61, 61, '2018-07-11 22:50:07', '2016-05-05 11:27:07');
INSERT INTO `friendship` (`user_id`, `friend_id`, `status_id`, `requested_at`, `confirmed_at`) VALUES (62, 62, 62, '1999-10-13 06:53:19', '1989-03-31 05:36:13');
INSERT INTO `friendship` (`user_id`, `friend_id`, `status_id`, `requested_at`, `confirmed_at`) VALUES (63, 63, 63, '1997-05-24 01:41:21', '1987-10-14 16:46:19');
INSERT INTO `friendship` (`user_id`, `friend_id`, `status_id`, `requested_at`, `confirmed_at`) VALUES (64, 64, 64, '1991-04-27 07:48:21', '2018-04-05 12:36:00');
INSERT INTO `friendship` (`user_id`, `friend_id`, `status_id`, `requested_at`, `confirmed_at`) VALUES (65, 65, 65, '2018-06-26 15:10:47', '2006-02-12 12:14:25');
INSERT INTO `friendship` (`user_id`, `friend_id`, `status_id`, `requested_at`, `confirmed_at`) VALUES (66, 66, 66, '1985-12-23 22:59:21', '2005-09-02 11:09:46');
INSERT INTO `friendship` (`user_id`, `friend_id`, `status_id`, `requested_at`, `confirmed_at`) VALUES (67, 67, 67, '2010-08-19 21:36:37', '1974-09-08 01:36:46');
INSERT INTO `friendship` (`user_id`, `friend_id`, `status_id`, `requested_at`, `confirmed_at`) VALUES (68, 68, 68, '1983-08-26 07:26:42', '1976-07-11 19:33:42');
INSERT INTO `friendship` (`user_id`, `friend_id`, `status_id`, `requested_at`, `confirmed_at`) VALUES (69, 69, 69, '2002-03-07 14:17:23', '2004-04-28 18:57:34');
INSERT INTO `friendship` (`user_id`, `friend_id`, `status_id`, `requested_at`, `confirmed_at`) VALUES (70, 70, 70, '2000-11-02 17:58:06', '1979-09-23 10:35:29');
INSERT INTO `friendship` (`user_id`, `friend_id`, `status_id`, `requested_at`, `confirmed_at`) VALUES (71, 71, 71, '1981-11-29 00:41:36', '1971-12-22 16:20:08');
INSERT INTO `friendship` (`user_id`, `friend_id`, `status_id`, `requested_at`, `confirmed_at`) VALUES (72, 72, 72, '1989-06-26 18:07:43', '2013-02-09 01:59:18');
INSERT INTO `friendship` (`user_id`, `friend_id`, `status_id`, `requested_at`, `confirmed_at`) VALUES (73, 73, 73, '2017-11-10 00:46:32', '2015-04-23 14:30:57');
INSERT INTO `friendship` (`user_id`, `friend_id`, `status_id`, `requested_at`, `confirmed_at`) VALUES (74, 74, 74, '1971-12-05 23:52:06', '1980-11-06 17:46:27');
INSERT INTO `friendship` (`user_id`, `friend_id`, `status_id`, `requested_at`, `confirmed_at`) VALUES (75, 75, 75, '1995-09-27 05:35:11', '1974-10-05 19:20:24');
INSERT INTO `friendship` (`user_id`, `friend_id`, `status_id`, `requested_at`, `confirmed_at`) VALUES (76, 76, 76, '1970-07-09 11:25:28', '1970-12-10 08:01:04');
INSERT INTO `friendship` (`user_id`, `friend_id`, `status_id`, `requested_at`, `confirmed_at`) VALUES (77, 77, 77, '2015-02-02 17:17:23', '1994-08-15 09:05:11');
INSERT INTO `friendship` (`user_id`, `friend_id`, `status_id`, `requested_at`, `confirmed_at`) VALUES (78, 78, 78, '2018-07-26 16:01:04', '2019-12-06 16:34:14');
INSERT INTO `friendship` (`user_id`, `friend_id`, `status_id`, `requested_at`, `confirmed_at`) VALUES (79, 79, 79, '1999-12-25 02:29:59', '2008-12-18 07:11:11');
INSERT INTO `friendship` (`user_id`, `friend_id`, `status_id`, `requested_at`, `confirmed_at`) VALUES (80, 80, 80, '1975-02-28 01:53:30', '2002-04-01 01:54:17');
INSERT INTO `friendship` (`user_id`, `friend_id`, `status_id`, `requested_at`, `confirmed_at`) VALUES (81, 81, 81, '2018-06-18 19:37:26', '2000-01-18 00:29:33');
INSERT INTO `friendship` (`user_id`, `friend_id`, `status_id`, `requested_at`, `confirmed_at`) VALUES (82, 82, 82, '2002-04-27 16:48:03', '2012-09-25 15:11:33');
INSERT INTO `friendship` (`user_id`, `friend_id`, `status_id`, `requested_at`, `confirmed_at`) VALUES (83, 83, 83, '1982-02-23 03:59:34', '1986-11-30 10:43:40');
INSERT INTO `friendship` (`user_id`, `friend_id`, `status_id`, `requested_at`, `confirmed_at`) VALUES (84, 84, 84, '1998-06-06 11:45:18', '1986-07-16 07:00:58');
INSERT INTO `friendship` (`user_id`, `friend_id`, `status_id`, `requested_at`, `confirmed_at`) VALUES (85, 85, 85, '2010-01-19 06:15:14', '2005-08-21 22:48:59');
INSERT INTO `friendship` (`user_id`, `friend_id`, `status_id`, `requested_at`, `confirmed_at`) VALUES (86, 86, 86, '1973-11-09 14:38:17', '1975-12-31 00:57:53');
INSERT INTO `friendship` (`user_id`, `friend_id`, `status_id`, `requested_at`, `confirmed_at`) VALUES (87, 87, 87, '1973-10-10 18:49:16', '1977-07-15 17:28:18');
INSERT INTO `friendship` (`user_id`, `friend_id`, `status_id`, `requested_at`, `confirmed_at`) VALUES (88, 88, 88, '1977-09-19 21:57:34', '2002-05-23 22:04:01');
INSERT INTO `friendship` (`user_id`, `friend_id`, `status_id`, `requested_at`, `confirmed_at`) VALUES (89, 89, 89, '1994-06-09 10:50:50', '2006-09-06 03:13:05');
INSERT INTO `friendship` (`user_id`, `friend_id`, `status_id`, `requested_at`, `confirmed_at`) VALUES (90, 90, 90, '1977-07-18 00:00:00', '1987-01-10 14:09:23');
INSERT INTO `friendship` (`user_id`, `friend_id`, `status_id`, `requested_at`, `confirmed_at`) VALUES (91, 91, 91, '2016-01-24 11:39:49', '2006-10-24 03:51:21');
INSERT INTO `friendship` (`user_id`, `friend_id`, `status_id`, `requested_at`, `confirmed_at`) VALUES (92, 92, 92, '1999-11-21 18:12:39', '1981-06-14 04:05:50');
INSERT INTO `friendship` (`user_id`, `friend_id`, `status_id`, `requested_at`, `confirmed_at`) VALUES (93, 93, 93, '2002-06-14 02:41:55', '2008-03-11 19:44:10');
INSERT INTO `friendship` (`user_id`, `friend_id`, `status_id`, `requested_at`, `confirmed_at`) VALUES (94, 94, 94, '1976-02-23 10:52:35', '1987-02-23 03:41:24');
INSERT INTO `friendship` (`user_id`, `friend_id`, `status_id`, `requested_at`, `confirmed_at`) VALUES (95, 95, 95, '1971-10-17 00:54:10', '1976-09-04 00:14:07');
INSERT INTO `friendship` (`user_id`, `friend_id`, `status_id`, `requested_at`, `confirmed_at`) VALUES (96, 96, 96, '1978-08-20 08:31:29', '1998-05-13 22:55:24');
INSERT INTO `friendship` (`user_id`, `friend_id`, `status_id`, `requested_at`, `confirmed_at`) VALUES (97, 97, 97, '1978-02-10 16:24:55', '2007-07-25 10:10:35');
INSERT INTO `friendship` (`user_id`, `friend_id`, `status_id`, `requested_at`, `confirmed_at`) VALUES (98, 98, 98, '2009-09-18 08:35:27', '2005-02-11 00:06:12');
INSERT INTO `friendship` (`user_id`, `friend_id`, `status_id`, `requested_at`, `confirmed_at`) VALUES (99, 99, 99, '2019-01-31 23:48:15', '2010-07-05 14:55:48');
INSERT INTO `friendship` (`user_id`, `friend_id`, `status_id`, `requested_at`, `confirmed_at`) VALUES (100, 100, 100, '2012-11-26 12:02:35', '2010-10-03 15:37:43');


#
# TABLE STRUCTURE FOR: friendship_statuses
#

DROP TABLE IF EXISTS `friendship_statuses`;

CREATE TABLE `friendship_statuses` (
  `id` int(10) unsigned NOT NULL AUTO_INCREMENT,
  `name` varchar(150) COLLATE utf8_unicode_ci NOT NULL,
  PRIMARY KEY (`id`),
  UNIQUE KEY `name` (`name`)
) ENGINE=InnoDB AUTO_INCREMENT=101 DEFAULT CHARSET=utf8 COLLATE=utf8_unicode_ci;

INSERT INTO `friendship_statuses` (`id`, `name`) VALUES (62, 'a');
INSERT INTO `friendship_statuses` (`id`, `name`) VALUES (16, 'accusamus');
INSERT INTO `friendship_statuses` (`id`, `name`) VALUES (6, 'accusantium');
INSERT INTO `friendship_statuses` (`id`, `name`) VALUES (56, 'aliquam');
INSERT INTO `friendship_statuses` (`id`, `name`) VALUES (19, 'architecto');
INSERT INTO `friendship_statuses` (`id`, `name`) VALUES (4, 'assumenda');
INSERT INTO `friendship_statuses` (`id`, `name`) VALUES (25, 'at');
INSERT INTO `friendship_statuses` (`id`, `name`) VALUES (38, 'atque');
INSERT INTO `friendship_statuses` (`id`, `name`) VALUES (34, 'aut');
INSERT INTO `friendship_statuses` (`id`, `name`) VALUES (44, 'commodi');
INSERT INTO `friendship_statuses` (`id`, `name`) VALUES (59, 'consequatur');
INSERT INTO `friendship_statuses` (`id`, `name`) VALUES (66, 'consequuntur');
INSERT INTO `friendship_statuses` (`id`, `name`) VALUES (8, 'corporis');
INSERT INTO `friendship_statuses` (`id`, `name`) VALUES (35, 'corrupti');
INSERT INTO `friendship_statuses` (`id`, `name`) VALUES (84, 'cum');
INSERT INTO `friendship_statuses` (`id`, `name`) VALUES (79, 'cumque');
INSERT INTO `friendship_statuses` (`id`, `name`) VALUES (70, 'cupiditate');
INSERT INTO `friendship_statuses` (`id`, `name`) VALUES (87, 'deserunt');
INSERT INTO `friendship_statuses` (`id`, `name`) VALUES (78, 'dicta');
INSERT INTO `friendship_statuses` (`id`, `name`) VALUES (99, 'dignissimos');
INSERT INTO `friendship_statuses` (`id`, `name`) VALUES (100, 'distinctio');
INSERT INTO `friendship_statuses` (`id`, `name`) VALUES (24, 'dolor');
INSERT INTO `friendship_statuses` (`id`, `name`) VALUES (76, 'dolorem');
INSERT INTO `friendship_statuses` (`id`, `name`) VALUES (21, 'dolores');
INSERT INTO `friendship_statuses` (`id`, `name`) VALUES (73, 'ducimus');
INSERT INTO `friendship_statuses` (`id`, `name`) VALUES (48, 'eaque');
INSERT INTO `friendship_statuses` (`id`, `name`) VALUES (57, 'enim');
INSERT INTO `friendship_statuses` (`id`, `name`) VALUES (29, 'eos');
INSERT INTO `friendship_statuses` (`id`, `name`) VALUES (71, 'esse');
INSERT INTO `friendship_statuses` (`id`, `name`) VALUES (36, 'est');
INSERT INTO `friendship_statuses` (`id`, `name`) VALUES (51, 'et');
INSERT INTO `friendship_statuses` (`id`, `name`) VALUES (42, 'eum');
INSERT INTO `friendship_statuses` (`id`, `name`) VALUES (55, 'fuga');
INSERT INTO `friendship_statuses` (`id`, `name`) VALUES (1, 'fugiat');
INSERT INTO `friendship_statuses` (`id`, `name`) VALUES (93, 'hic');
INSERT INTO `friendship_statuses` (`id`, `name`) VALUES (15, 'id');
INSERT INTO `friendship_statuses` (`id`, `name`) VALUES (32, 'illo');
INSERT INTO `friendship_statuses` (`id`, `name`) VALUES (23, 'illum');
INSERT INTO `friendship_statuses` (`id`, `name`) VALUES (9, 'impedit');
INSERT INTO `friendship_statuses` (`id`, `name`) VALUES (65, 'incidunt');
INSERT INTO `friendship_statuses` (`id`, `name`) VALUES (95, 'ipsa');
INSERT INTO `friendship_statuses` (`id`, `name`) VALUES (92, 'ipsam');
INSERT INTO `friendship_statuses` (`id`, `name`) VALUES (40, 'iste');
INSERT INTO `friendship_statuses` (`id`, `name`) VALUES (27, 'laboriosam');
INSERT INTO `friendship_statuses` (`id`, `name`) VALUES (7, 'laudantium');
INSERT INTO `friendship_statuses` (`id`, `name`) VALUES (68, 'maiores');
INSERT INTO `friendship_statuses` (`id`, `name`) VALUES (97, 'maxime');
INSERT INTO `friendship_statuses` (`id`, `name`) VALUES (49, 'minima');
INSERT INTO `friendship_statuses` (`id`, `name`) VALUES (58, 'modi');
INSERT INTO `friendship_statuses` (`id`, `name`) VALUES (91, 'molestiae');
INSERT INTO `friendship_statuses` (`id`, `name`) VALUES (96, 'mollitia');
INSERT INTO `friendship_statuses` (`id`, `name`) VALUES (53, 'nam');
INSERT INTO `friendship_statuses` (`id`, `name`) VALUES (77, 'natus');
INSERT INTO `friendship_statuses` (`id`, `name`) VALUES (74, 'necessitatibus');
INSERT INTO `friendship_statuses` (`id`, `name`) VALUES (10, 'nemo');
INSERT INTO `friendship_statuses` (`id`, `name`) VALUES (61, 'nesciunt');
INSERT INTO `friendship_statuses` (`id`, `name`) VALUES (50, 'nihil');
INSERT INTO `friendship_statuses` (`id`, `name`) VALUES (33, 'nisi');
INSERT INTO `friendship_statuses` (`id`, `name`) VALUES (63, 'nobis');
INSERT INTO `friendship_statuses` (`id`, `name`) VALUES (80, 'non');
INSERT INTO `friendship_statuses` (`id`, `name`) VALUES (83, 'nulla');
INSERT INTO `friendship_statuses` (`id`, `name`) VALUES (26, 'odio');
INSERT INTO `friendship_statuses` (`id`, `name`) VALUES (31, 'officiis');
INSERT INTO `friendship_statuses` (`id`, `name`) VALUES (22, 'omnis');
INSERT INTO `friendship_statuses` (`id`, `name`) VALUES (82, 'pariatur');
INSERT INTO `friendship_statuses` (`id`, `name`) VALUES (88, 'perferendis');
INSERT INTO `friendship_statuses` (`id`, `name`) VALUES (98, 'praesentium');
INSERT INTO `friendship_statuses` (`id`, `name`) VALUES (47, 'quae');
INSERT INTO `friendship_statuses` (`id`, `name`) VALUES (39, 'quaerat');
INSERT INTO `friendship_statuses` (`id`, `name`) VALUES (37, 'quam');
INSERT INTO `friendship_statuses` (`id`, `name`) VALUES (69, 'quas');
INSERT INTO `friendship_statuses` (`id`, `name`) VALUES (46, 'qui');
INSERT INTO `friendship_statuses` (`id`, `name`) VALUES (72, 'quia');
INSERT INTO `friendship_statuses` (`id`, `name`) VALUES (43, 'quidem');
INSERT INTO `friendship_statuses` (`id`, `name`) VALUES (64, 'quis');
INSERT INTO `friendship_statuses` (`id`, `name`) VALUES (45, 'quisquam');
INSERT INTO `friendship_statuses` (`id`, `name`) VALUES (41, 'quo');
INSERT INTO `friendship_statuses` (`id`, `name`) VALUES (94, 'quos');
INSERT INTO `friendship_statuses` (`id`, `name`) VALUES (17, 'recusandae');
INSERT INTO `friendship_statuses` (`id`, `name`) VALUES (90, 'reiciendis');
INSERT INTO `friendship_statuses` (`id`, `name`) VALUES (14, 'repellat');
INSERT INTO `friendship_statuses` (`id`, `name`) VALUES (81, 'repellendus');
INSERT INTO `friendship_statuses` (`id`, `name`) VALUES (11, 'reprehenderit');
INSERT INTO `friendship_statuses` (`id`, `name`) VALUES (54, 'sapiente');
INSERT INTO `friendship_statuses` (`id`, `name`) VALUES (20, 'sed');
INSERT INTO `friendship_statuses` (`id`, `name`) VALUES (85, 'sequi');
INSERT INTO `friendship_statuses` (`id`, `name`) VALUES (52, 'sint');
INSERT INTO `friendship_statuses` (`id`, `name`) VALUES (28, 'sit');
INSERT INTO `friendship_statuses` (`id`, `name`) VALUES (18, 'sunt');
INSERT INTO `friendship_statuses` (`id`, `name`) VALUES (3, 'suscipit');
INSERT INTO `friendship_statuses` (`id`, `name`) VALUES (89, 'tempora');
INSERT INTO `friendship_statuses` (`id`, `name`) VALUES (60, 'tempore');
INSERT INTO `friendship_statuses` (`id`, `name`) VALUES (67, 'temporibus');
INSERT INTO `friendship_statuses` (`id`, `name`) VALUES (86, 'tenetur');
INSERT INTO `friendship_statuses` (`id`, `name`) VALUES (13, 'unde');
INSERT INTO `friendship_statuses` (`id`, `name`) VALUES (12, 'ut');
INSERT INTO `friendship_statuses` (`id`, `name`) VALUES (75, 'vel');
INSERT INTO `friendship_statuses` (`id`, `name`) VALUES (5, 'veniam');
INSERT INTO `friendship_statuses` (`id`, `name`) VALUES (30, 'voluptas');
INSERT INTO `friendship_statuses` (`id`, `name`) VALUES (2, 'voluptatem');


#
# TABLE STRUCTURE FOR: media
#

DROP TABLE IF EXISTS `media`;

CREATE TABLE `media` (
  `id` int(10) unsigned NOT NULL AUTO_INCREMENT,
  `media_type_id` int(10) unsigned NOT NULL,
  `user_id` int(10) unsigned NOT NULL,
  `filename` varchar(255) COLLATE utf8_unicode_ci NOT NULL,
  `size` int(11) NOT NULL,
  `metadata` longtext CHARACTER SET utf8mb4 COLLATE utf8mb4_bin DEFAULT NULL,
  `created_at` datetime DEFAULT current_timestamp(),
  `updated_at` datetime DEFAULT current_timestamp() ON UPDATE current_timestamp(),
  PRIMARY KEY (`id`)
) ENGINE=InnoDB AUTO_INCREMENT=101 DEFAULT CHARSET=utf8 COLLATE=utf8_unicode_ci;

INSERT INTO `media` (`id`, `media_type_id`, `user_id`, `filename`, `size`, `metadata`, `created_at`, `updated_at`) VALUES (1, 1, 1, 'dolores', 27103943, NULL, '2017-02-16 17:18:29', '2000-11-28 05:50:37');
INSERT INTO `media` (`id`, `media_type_id`, `user_id`, `filename`, `size`, `metadata`, `created_at`, `updated_at`) VALUES (2, 2, 2, 'qui', 2136, NULL, '1994-05-17 19:08:55', '2016-11-21 09:52:27');
INSERT INTO `media` (`id`, `media_type_id`, `user_id`, `filename`, `size`, `metadata`, `created_at`, `updated_at`) VALUES (3, 3, 3, 'qui', 0, NULL, '2018-05-07 12:19:16', '1992-09-27 19:58:51');
INSERT INTO `media` (`id`, `media_type_id`, `user_id`, `filename`, `size`, `metadata`, `created_at`, `updated_at`) VALUES (4, 4, 4, 'alias', 629245, NULL, '1997-05-24 09:53:49', '1985-11-30 22:50:46');
INSERT INTO `media` (`id`, `media_type_id`, `user_id`, `filename`, `size`, `metadata`, `created_at`, `updated_at`) VALUES (5, 5, 5, 'quo', 139, NULL, '1993-09-16 02:32:27', '1997-11-05 12:23:03');
INSERT INTO `media` (`id`, `media_type_id`, `user_id`, `filename`, `size`, `metadata`, `created_at`, `updated_at`) VALUES (6, 6, 6, 'sit', 677746654, NULL, '1976-02-22 17:59:33', '1993-08-04 14:54:09');
INSERT INTO `media` (`id`, `media_type_id`, `user_id`, `filename`, `size`, `metadata`, `created_at`, `updated_at`) VALUES (7, 7, 7, 'optio', 936, NULL, '1983-07-01 04:52:35', '2017-08-04 16:28:35');
INSERT INTO `media` (`id`, `media_type_id`, `user_id`, `filename`, `size`, `metadata`, `created_at`, `updated_at`) VALUES (8, 8, 8, 'harum', 90057, NULL, '2014-06-18 22:00:23', '1975-07-31 21:38:29');
INSERT INTO `media` (`id`, `media_type_id`, `user_id`, `filename`, `size`, `metadata`, `created_at`, `updated_at`) VALUES (9, 9, 9, 'nesciunt', 361301, NULL, '1979-05-07 17:20:47', '2018-03-01 21:05:00');
INSERT INTO `media` (`id`, `media_type_id`, `user_id`, `filename`, `size`, `metadata`, `created_at`, `updated_at`) VALUES (10, 10, 10, 'maxime', 0, NULL, '2015-01-29 08:43:35', '1990-10-25 04:16:47');
INSERT INTO `media` (`id`, `media_type_id`, `user_id`, `filename`, `size`, `metadata`, `created_at`, `updated_at`) VALUES (11, 11, 11, 'cumque', 6044, NULL, '2011-10-18 01:42:49', '1992-04-21 10:19:30');
INSERT INTO `media` (`id`, `media_type_id`, `user_id`, `filename`, `size`, `metadata`, `created_at`, `updated_at`) VALUES (12, 12, 12, 'dolores', 406106626, NULL, '2002-06-03 17:40:10', '2004-07-17 16:08:26');
INSERT INTO `media` (`id`, `media_type_id`, `user_id`, `filename`, `size`, `metadata`, `created_at`, `updated_at`) VALUES (13, 13, 13, 'quas', 154800, NULL, '2014-10-27 12:46:15', '2003-03-12 02:16:25');
INSERT INTO `media` (`id`, `media_type_id`, `user_id`, `filename`, `size`, `metadata`, `created_at`, `updated_at`) VALUES (14, 14, 14, 'optio', 24947, NULL, '2015-11-23 00:43:06', '2018-03-06 12:34:39');
INSERT INTO `media` (`id`, `media_type_id`, `user_id`, `filename`, `size`, `metadata`, `created_at`, `updated_at`) VALUES (15, 15, 15, 'eum', 96422, NULL, '2002-07-22 14:49:43', '2001-08-04 09:28:31');
INSERT INTO `media` (`id`, `media_type_id`, `user_id`, `filename`, `size`, `metadata`, `created_at`, `updated_at`) VALUES (16, 16, 16, 'quia', 40648, NULL, '1989-10-07 12:58:36', '2010-12-19 13:23:05');
INSERT INTO `media` (`id`, `media_type_id`, `user_id`, `filename`, `size`, `metadata`, `created_at`, `updated_at`) VALUES (17, 17, 17, 'nihil', 26, NULL, '2018-07-30 21:44:07', '1989-04-24 15:40:16');
INSERT INTO `media` (`id`, `media_type_id`, `user_id`, `filename`, `size`, `metadata`, `created_at`, `updated_at`) VALUES (18, 18, 18, 'et', 978722585, NULL, '2018-05-29 15:20:15', '2019-08-30 12:15:47');
INSERT INTO `media` (`id`, `media_type_id`, `user_id`, `filename`, `size`, `metadata`, `created_at`, `updated_at`) VALUES (19, 19, 19, 'accusamus', 240164, NULL, '1984-04-07 06:00:48', '1990-07-22 04:32:27');
INSERT INTO `media` (`id`, `media_type_id`, `user_id`, `filename`, `size`, `metadata`, `created_at`, `updated_at`) VALUES (20, 20, 20, 'et', 97941, NULL, '2000-06-24 09:33:56', '2001-01-12 13:02:55');
INSERT INTO `media` (`id`, `media_type_id`, `user_id`, `filename`, `size`, `metadata`, `created_at`, `updated_at`) VALUES (21, 21, 21, 'nostrum', 9087822, NULL, '1970-09-14 14:23:47', '2002-01-11 11:51:42');
INSERT INTO `media` (`id`, `media_type_id`, `user_id`, `filename`, `size`, `metadata`, `created_at`, `updated_at`) VALUES (22, 22, 22, 'ea', 0, NULL, '1988-04-08 05:36:46', '1972-12-24 03:31:37');
INSERT INTO `media` (`id`, `media_type_id`, `user_id`, `filename`, `size`, `metadata`, `created_at`, `updated_at`) VALUES (23, 23, 23, 'incidunt', 240309533, NULL, '2018-09-13 10:17:28', '1986-12-14 12:37:25');
INSERT INTO `media` (`id`, `media_type_id`, `user_id`, `filename`, `size`, `metadata`, `created_at`, `updated_at`) VALUES (24, 24, 24, 'culpa', 119504, NULL, '1981-01-06 15:34:02', '1970-10-03 00:16:27');
INSERT INTO `media` (`id`, `media_type_id`, `user_id`, `filename`, `size`, `metadata`, `created_at`, `updated_at`) VALUES (25, 25, 25, 'qui', 7610030, NULL, '1989-11-17 06:56:54', '1978-02-15 02:43:41');
INSERT INTO `media` (`id`, `media_type_id`, `user_id`, `filename`, `size`, `metadata`, `created_at`, `updated_at`) VALUES (26, 26, 26, 'omnis', 32178, NULL, '1991-06-27 22:58:48', '2010-05-14 07:17:37');
INSERT INTO `media` (`id`, `media_type_id`, `user_id`, `filename`, `size`, `metadata`, `created_at`, `updated_at`) VALUES (27, 27, 27, 'voluptas', 8490679, NULL, '2008-02-26 17:39:41', '2007-02-04 07:28:06');
INSERT INTO `media` (`id`, `media_type_id`, `user_id`, `filename`, `size`, `metadata`, `created_at`, `updated_at`) VALUES (28, 28, 28, 'soluta', 799, NULL, '1990-07-19 13:20:04', '1994-10-18 00:26:06');
INSERT INTO `media` (`id`, `media_type_id`, `user_id`, `filename`, `size`, `metadata`, `created_at`, `updated_at`) VALUES (29, 29, 29, 'soluta', 505397059, NULL, '1993-02-15 13:44:33', '1974-05-05 19:22:17');
INSERT INTO `media` (`id`, `media_type_id`, `user_id`, `filename`, `size`, `metadata`, `created_at`, `updated_at`) VALUES (30, 30, 30, 'dolor', 380380847, NULL, '1978-03-12 23:31:30', '2004-11-23 04:58:13');
INSERT INTO `media` (`id`, `media_type_id`, `user_id`, `filename`, `size`, `metadata`, `created_at`, `updated_at`) VALUES (31, 31, 31, 'omnis', 991, NULL, '2010-05-28 16:07:34', '2014-03-04 10:53:17');
INSERT INTO `media` (`id`, `media_type_id`, `user_id`, `filename`, `size`, `metadata`, `created_at`, `updated_at`) VALUES (32, 32, 32, 'et', 79690, NULL, '2003-09-24 02:34:11', '1991-09-29 16:33:57');
INSERT INTO `media` (`id`, `media_type_id`, `user_id`, `filename`, `size`, `metadata`, `created_at`, `updated_at`) VALUES (33, 33, 33, 'est', 0, NULL, '2003-01-30 23:24:46', '2007-06-07 12:02:59');
INSERT INTO `media` (`id`, `media_type_id`, `user_id`, `filename`, `size`, `metadata`, `created_at`, `updated_at`) VALUES (34, 34, 34, 'fugit', 4624, NULL, '1987-08-22 02:27:31', '2013-05-20 16:53:52');
INSERT INTO `media` (`id`, `media_type_id`, `user_id`, `filename`, `size`, `metadata`, `created_at`, `updated_at`) VALUES (35, 35, 35, 'aut', 3430958, NULL, '1997-08-17 10:10:54', '2012-12-13 08:43:51');
INSERT INTO `media` (`id`, `media_type_id`, `user_id`, `filename`, `size`, `metadata`, `created_at`, `updated_at`) VALUES (36, 36, 36, 'quis', 914, NULL, '1994-04-09 01:13:59', '2006-10-04 01:57:24');
INSERT INTO `media` (`id`, `media_type_id`, `user_id`, `filename`, `size`, `metadata`, `created_at`, `updated_at`) VALUES (37, 37, 37, 'similique', 664172, NULL, '2002-11-23 00:58:56', '2011-11-01 17:41:17');
INSERT INTO `media` (`id`, `media_type_id`, `user_id`, `filename`, `size`, `metadata`, `created_at`, `updated_at`) VALUES (38, 38, 38, 'enim', 5851203, NULL, '1988-01-28 10:25:42', '1988-03-18 19:25:10');
INSERT INTO `media` (`id`, `media_type_id`, `user_id`, `filename`, `size`, `metadata`, `created_at`, `updated_at`) VALUES (39, 39, 39, 'ut', 9459, NULL, '2005-08-26 16:51:46', '1971-10-18 20:04:59');
INSERT INTO `media` (`id`, `media_type_id`, `user_id`, `filename`, `size`, `metadata`, `created_at`, `updated_at`) VALUES (40, 40, 40, 'mollitia', 938393349, NULL, '1997-02-24 10:23:26', '1988-01-05 10:58:39');
INSERT INTO `media` (`id`, `media_type_id`, `user_id`, `filename`, `size`, `metadata`, `created_at`, `updated_at`) VALUES (41, 41, 41, 'quia', 221570, NULL, '2018-01-27 03:25:15', '2008-07-10 21:25:59');
INSERT INTO `media` (`id`, `media_type_id`, `user_id`, `filename`, `size`, `metadata`, `created_at`, `updated_at`) VALUES (42, 42, 42, 'ipsum', 958610, NULL, '1972-07-30 03:23:06', '2011-04-17 23:25:49');
INSERT INTO `media` (`id`, `media_type_id`, `user_id`, `filename`, `size`, `metadata`, `created_at`, `updated_at`) VALUES (43, 43, 43, 'omnis', 2, NULL, '1982-01-03 19:51:11', '2007-10-18 07:49:44');
INSERT INTO `media` (`id`, `media_type_id`, `user_id`, `filename`, `size`, `metadata`, `created_at`, `updated_at`) VALUES (44, 44, 44, 'aperiam', 7, NULL, '1977-05-04 00:44:27', '1971-12-15 15:47:46');
INSERT INTO `media` (`id`, `media_type_id`, `user_id`, `filename`, `size`, `metadata`, `created_at`, `updated_at`) VALUES (45, 45, 45, 'consequatur', 8379441, NULL, '1987-08-22 17:45:30', '1973-10-01 07:03:41');
INSERT INTO `media` (`id`, `media_type_id`, `user_id`, `filename`, `size`, `metadata`, `created_at`, `updated_at`) VALUES (46, 46, 46, 'consectetur', 44134, NULL, '1998-01-14 22:41:40', '1984-11-16 13:51:58');
INSERT INTO `media` (`id`, `media_type_id`, `user_id`, `filename`, `size`, `metadata`, `created_at`, `updated_at`) VALUES (47, 47, 47, 'eos', 81670, NULL, '1986-03-27 23:55:44', '2019-06-28 03:57:17');
INSERT INTO `media` (`id`, `media_type_id`, `user_id`, `filename`, `size`, `metadata`, `created_at`, `updated_at`) VALUES (48, 48, 48, 'harum', 12252960, NULL, '1981-06-19 20:10:05', '1972-12-05 11:53:54');
INSERT INTO `media` (`id`, `media_type_id`, `user_id`, `filename`, `size`, `metadata`, `created_at`, `updated_at`) VALUES (49, 49, 49, 'est', 6856158, NULL, '2013-07-08 20:22:38', '2018-09-22 22:17:49');
INSERT INTO `media` (`id`, `media_type_id`, `user_id`, `filename`, `size`, `metadata`, `created_at`, `updated_at`) VALUES (50, 50, 50, 'facere', 0, NULL, '1981-12-28 04:41:07', '2011-05-31 13:39:18');
INSERT INTO `media` (`id`, `media_type_id`, `user_id`, `filename`, `size`, `metadata`, `created_at`, `updated_at`) VALUES (51, 51, 51, 'et', 100399, NULL, '1997-09-08 04:15:19', '2004-05-14 16:57:03');
INSERT INTO `media` (`id`, `media_type_id`, `user_id`, `filename`, `size`, `metadata`, `created_at`, `updated_at`) VALUES (52, 52, 52, 'consequatur', 909553295, NULL, '1980-12-15 10:08:26', '2018-03-23 00:02:03');
INSERT INTO `media` (`id`, `media_type_id`, `user_id`, `filename`, `size`, `metadata`, `created_at`, `updated_at`) VALUES (53, 53, 53, 'voluptatem', 514161, NULL, '1975-04-01 00:11:03', '1981-11-02 08:30:07');
INSERT INTO `media` (`id`, `media_type_id`, `user_id`, `filename`, `size`, `metadata`, `created_at`, `updated_at`) VALUES (54, 54, 54, 'consequuntur', 624443, NULL, '1989-07-16 06:19:24', '1996-12-27 01:29:18');
INSERT INTO `media` (`id`, `media_type_id`, `user_id`, `filename`, `size`, `metadata`, `created_at`, `updated_at`) VALUES (55, 55, 55, 'earum', 9959512, NULL, '1983-02-26 02:46:41', '2013-04-10 22:12:44');
INSERT INTO `media` (`id`, `media_type_id`, `user_id`, `filename`, `size`, `metadata`, `created_at`, `updated_at`) VALUES (56, 56, 56, 'accusamus', 6371084, NULL, '1974-05-04 06:39:57', '2012-12-02 08:56:46');
INSERT INTO `media` (`id`, `media_type_id`, `user_id`, `filename`, `size`, `metadata`, `created_at`, `updated_at`) VALUES (57, 57, 57, 'qui', 3, NULL, '1978-07-24 23:58:31', '2018-03-18 11:46:54');
INSERT INTO `media` (`id`, `media_type_id`, `user_id`, `filename`, `size`, `metadata`, `created_at`, `updated_at`) VALUES (58, 58, 58, 'voluptatem', 8, NULL, '2016-11-09 18:58:46', '1989-09-30 12:24:28');
INSERT INTO `media` (`id`, `media_type_id`, `user_id`, `filename`, `size`, `metadata`, `created_at`, `updated_at`) VALUES (59, 59, 59, 'temporibus', 5031098, NULL, '2002-11-20 18:21:04', '1984-12-05 10:25:36');
INSERT INTO `media` (`id`, `media_type_id`, `user_id`, `filename`, `size`, `metadata`, `created_at`, `updated_at`) VALUES (60, 60, 60, 'recusandae', 254087381, NULL, '2012-10-22 08:32:35', '1986-09-09 01:10:42');
INSERT INTO `media` (`id`, `media_type_id`, `user_id`, `filename`, `size`, `metadata`, `created_at`, `updated_at`) VALUES (61, 61, 61, 'sint', 47017417, NULL, '2019-04-22 06:06:04', '1982-10-16 18:33:50');
INSERT INTO `media` (`id`, `media_type_id`, `user_id`, `filename`, `size`, `metadata`, `created_at`, `updated_at`) VALUES (62, 62, 62, 'et', 9648320, NULL, '1991-10-27 07:25:25', '1981-06-03 00:39:52');
INSERT INTO `media` (`id`, `media_type_id`, `user_id`, `filename`, `size`, `metadata`, `created_at`, `updated_at`) VALUES (63, 63, 63, 'ex', 494511, NULL, '2005-01-27 14:23:49', '2003-02-08 09:41:36');
INSERT INTO `media` (`id`, `media_type_id`, `user_id`, `filename`, `size`, `metadata`, `created_at`, `updated_at`) VALUES (64, 64, 64, 'qui', 834, NULL, '1988-11-02 10:25:17', '2006-09-24 12:24:51');
INSERT INTO `media` (`id`, `media_type_id`, `user_id`, `filename`, `size`, `metadata`, `created_at`, `updated_at`) VALUES (65, 65, 65, 'sit', 3756, NULL, '1984-02-18 11:30:26', '2014-09-15 23:05:53');
INSERT INTO `media` (`id`, `media_type_id`, `user_id`, `filename`, `size`, `metadata`, `created_at`, `updated_at`) VALUES (66, 66, 66, 'pariatur', 748262, NULL, '1999-12-23 21:14:13', '1970-11-02 22:32:32');
INSERT INTO `media` (`id`, `media_type_id`, `user_id`, `filename`, `size`, `metadata`, `created_at`, `updated_at`) VALUES (67, 67, 67, 'qui', 30165, NULL, '2003-07-10 17:43:37', '2005-12-08 06:05:27');
INSERT INTO `media` (`id`, `media_type_id`, `user_id`, `filename`, `size`, `metadata`, `created_at`, `updated_at`) VALUES (68, 68, 68, 'et', 55236879, NULL, '2009-01-19 10:23:56', '1975-09-10 05:19:38');
INSERT INTO `media` (`id`, `media_type_id`, `user_id`, `filename`, `size`, `metadata`, `created_at`, `updated_at`) VALUES (69, 69, 69, 'saepe', 1, NULL, '1988-09-30 13:50:59', '2014-02-12 17:31:30');
INSERT INTO `media` (`id`, `media_type_id`, `user_id`, `filename`, `size`, `metadata`, `created_at`, `updated_at`) VALUES (70, 70, 70, 'beatae', 151, NULL, '1984-06-21 13:51:47', '2014-10-07 16:30:12');
INSERT INTO `media` (`id`, `media_type_id`, `user_id`, `filename`, `size`, `metadata`, `created_at`, `updated_at`) VALUES (71, 71, 71, 'et', 214641, NULL, '1971-05-29 16:19:55', '2017-02-26 02:26:46');
INSERT INTO `media` (`id`, `media_type_id`, `user_id`, `filename`, `size`, `metadata`, `created_at`, `updated_at`) VALUES (72, 72, 72, 'consequuntur', 80958, NULL, '1971-09-14 15:14:01', '1990-05-31 04:40:19');
INSERT INTO `media` (`id`, `media_type_id`, `user_id`, `filename`, `size`, `metadata`, `created_at`, `updated_at`) VALUES (73, 73, 73, 'et', 282689994, NULL, '1993-06-14 02:54:34', '1981-12-09 07:59:58');
INSERT INTO `media` (`id`, `media_type_id`, `user_id`, `filename`, `size`, `metadata`, `created_at`, `updated_at`) VALUES (74, 74, 74, 'voluptatum', 179, NULL, '1988-01-19 13:27:53', '1996-04-24 07:24:34');
INSERT INTO `media` (`id`, `media_type_id`, `user_id`, `filename`, `size`, `metadata`, `created_at`, `updated_at`) VALUES (75, 75, 75, 'dolor', 6651454, NULL, '1982-09-10 05:20:20', '1972-11-21 07:18:12');
INSERT INTO `media` (`id`, `media_type_id`, `user_id`, `filename`, `size`, `metadata`, `created_at`, `updated_at`) VALUES (76, 76, 76, 'illo', 46682791, NULL, '1982-07-09 17:02:32', '1977-09-13 10:12:52');
INSERT INTO `media` (`id`, `media_type_id`, `user_id`, `filename`, `size`, `metadata`, `created_at`, `updated_at`) VALUES (77, 77, 77, 'fugit', 702606770, NULL, '2003-11-03 15:57:59', '2019-06-21 11:31:55');
INSERT INTO `media` (`id`, `media_type_id`, `user_id`, `filename`, `size`, `metadata`, `created_at`, `updated_at`) VALUES (78, 78, 78, 'velit', 1920794, NULL, '2016-01-05 04:40:53', '2016-10-04 13:52:26');
INSERT INTO `media` (`id`, `media_type_id`, `user_id`, `filename`, `size`, `metadata`, `created_at`, `updated_at`) VALUES (79, 79, 79, 'consequuntur', 1519, NULL, '2012-07-14 17:45:37', '2010-12-27 20:32:42');
INSERT INTO `media` (`id`, `media_type_id`, `user_id`, `filename`, `size`, `metadata`, `created_at`, `updated_at`) VALUES (80, 80, 80, 'dolore', 274045, NULL, '2012-12-01 10:03:25', '2009-07-23 09:56:47');
INSERT INTO `media` (`id`, `media_type_id`, `user_id`, `filename`, `size`, `metadata`, `created_at`, `updated_at`) VALUES (81, 81, 81, 'quibusdam', 0, NULL, '1983-02-25 20:00:35', '1984-08-22 08:11:28');
INSERT INTO `media` (`id`, `media_type_id`, `user_id`, `filename`, `size`, `metadata`, `created_at`, `updated_at`) VALUES (82, 82, 82, 'eveniet', 8, NULL, '2011-08-16 10:20:08', '2013-03-30 21:56:45');
INSERT INTO `media` (`id`, `media_type_id`, `user_id`, `filename`, `size`, `metadata`, `created_at`, `updated_at`) VALUES (83, 83, 83, 'molestias', 67796555, NULL, '1986-07-17 13:00:49', '1973-03-07 01:33:19');
INSERT INTO `media` (`id`, `media_type_id`, `user_id`, `filename`, `size`, `metadata`, `created_at`, `updated_at`) VALUES (84, 84, 84, 'doloremque', 98, NULL, '2011-12-22 20:51:19', '2002-03-11 01:24:38');
INSERT INTO `media` (`id`, `media_type_id`, `user_id`, `filename`, `size`, `metadata`, `created_at`, `updated_at`) VALUES (85, 85, 85, 'et', 256597, NULL, '1997-04-26 06:56:45', '2010-05-06 00:36:15');
INSERT INTO `media` (`id`, `media_type_id`, `user_id`, `filename`, `size`, `metadata`, `created_at`, `updated_at`) VALUES (86, 86, 86, 'optio', 633257095, NULL, '2011-01-10 15:38:56', '1974-08-17 06:38:29');
INSERT INTO `media` (`id`, `media_type_id`, `user_id`, `filename`, `size`, `metadata`, `created_at`, `updated_at`) VALUES (87, 87, 87, 'nemo', 43902, NULL, '2013-06-30 17:57:58', '1975-08-12 16:06:35');
INSERT INTO `media` (`id`, `media_type_id`, `user_id`, `filename`, `size`, `metadata`, `created_at`, `updated_at`) VALUES (88, 88, 88, 'reiciendis', 763164801, NULL, '2010-03-24 01:03:52', '1998-06-22 04:54:39');
INSERT INTO `media` (`id`, `media_type_id`, `user_id`, `filename`, `size`, `metadata`, `created_at`, `updated_at`) VALUES (89, 89, 89, 'optio', 23495529, NULL, '2011-04-30 07:00:03', '1985-04-20 23:08:45');
INSERT INTO `media` (`id`, `media_type_id`, `user_id`, `filename`, `size`, `metadata`, `created_at`, `updated_at`) VALUES (90, 90, 90, 'quas', 3, NULL, '1991-09-19 03:04:31', '2019-03-16 11:33:49');
INSERT INTO `media` (`id`, `media_type_id`, `user_id`, `filename`, `size`, `metadata`, `created_at`, `updated_at`) VALUES (91, 91, 91, 'iure', 45, NULL, '2011-11-15 05:28:16', '2019-09-06 02:36:07');
INSERT INTO `media` (`id`, `media_type_id`, `user_id`, `filename`, `size`, `metadata`, `created_at`, `updated_at`) VALUES (92, 92, 92, 'tempore', 79522, NULL, '1975-07-21 13:59:33', '2011-01-13 23:33:49');
INSERT INTO `media` (`id`, `media_type_id`, `user_id`, `filename`, `size`, `metadata`, `created_at`, `updated_at`) VALUES (93, 93, 93, 'possimus', 6894145, NULL, '2015-07-06 00:48:33', '2018-05-20 04:14:43');
INSERT INTO `media` (`id`, `media_type_id`, `user_id`, `filename`, `size`, `metadata`, `created_at`, `updated_at`) VALUES (94, 94, 94, 'at', 4854614, NULL, '2017-02-19 00:59:50', '1997-10-24 12:56:02');
INSERT INTO `media` (`id`, `media_type_id`, `user_id`, `filename`, `size`, `metadata`, `created_at`, `updated_at`) VALUES (95, 95, 95, 'pariatur', 8805, NULL, '2006-05-12 23:27:43', '1987-11-06 05:35:59');
INSERT INTO `media` (`id`, `media_type_id`, `user_id`, `filename`, `size`, `metadata`, `created_at`, `updated_at`) VALUES (96, 96, 96, 'labore', 4, NULL, '1991-03-30 04:06:18', '2017-07-26 12:43:58');
INSERT INTO `media` (`id`, `media_type_id`, `user_id`, `filename`, `size`, `metadata`, `created_at`, `updated_at`) VALUES (97, 97, 97, 'qui', 73245, NULL, '1980-12-27 01:34:42', '2003-11-17 13:38:57');
INSERT INTO `media` (`id`, `media_type_id`, `user_id`, `filename`, `size`, `metadata`, `created_at`, `updated_at`) VALUES (98, 98, 98, 'ad', 446963, NULL, '1984-07-11 03:00:56', '1974-05-28 17:54:30');
INSERT INTO `media` (`id`, `media_type_id`, `user_id`, `filename`, `size`, `metadata`, `created_at`, `updated_at`) VALUES (99, 99, 99, 'hic', 292, NULL, '1971-01-26 01:31:23', '2005-01-18 20:16:33');
INSERT INTO `media` (`id`, `media_type_id`, `user_id`, `filename`, `size`, `metadata`, `created_at`, `updated_at`) VALUES (100, 100, 100, 'esse', 41065, NULL, '1998-11-05 11:35:10', '2012-06-16 21:00:05');


#
# TABLE STRUCTURE FOR: media_types
#

DROP TABLE IF EXISTS `media_types`;

CREATE TABLE `media_types` (
  `id` int(10) unsigned NOT NULL AUTO_INCREMENT,
  `name` varchar(255) COLLATE utf8_unicode_ci NOT NULL,
  PRIMARY KEY (`id`),
  UNIQUE KEY `name` (`name`)
) ENGINE=InnoDB AUTO_INCREMENT=101 DEFAULT CHARSET=utf8 COLLATE=utf8_unicode_ci;

INSERT INTO `media_types` (`id`, `name`) VALUES (61, 'a');
INSERT INTO `media_types` (`id`, `name`) VALUES (5, 'accusamus');
INSERT INTO `media_types` (`id`, `name`) VALUES (39, 'accusantium');
INSERT INTO `media_types` (`id`, `name`) VALUES (47, 'alias');
INSERT INTO `media_types` (`id`, `name`) VALUES (35, 'aliquam');
INSERT INTO `media_types` (`id`, `name`) VALUES (50, 'aliquid');
INSERT INTO `media_types` (`id`, `name`) VALUES (86, 'animi');
INSERT INTO `media_types` (`id`, `name`) VALUES (73, 'asperiores');
INSERT INTO `media_types` (`id`, `name`) VALUES (54, 'aspernatur');
INSERT INTO `media_types` (`id`, `name`) VALUES (84, 'assumenda');
INSERT INTO `media_types` (`id`, `name`) VALUES (53, 'atque');
INSERT INTO `media_types` (`id`, `name`) VALUES (46, 'aut');
INSERT INTO `media_types` (`id`, `name`) VALUES (14, 'autem');
INSERT INTO `media_types` (`id`, `name`) VALUES (77, 'commodi');
INSERT INTO `media_types` (`id`, `name`) VALUES (4, 'consequatur');
INSERT INTO `media_types` (`id`, `name`) VALUES (91, 'corporis');
INSERT INTO `media_types` (`id`, `name`) VALUES (72, 'corrupti');
INSERT INTO `media_types` (`id`, `name`) VALUES (48, 'culpa');
INSERT INTO `media_types` (`id`, `name`) VALUES (100, 'delectus');
INSERT INTO `media_types` (`id`, `name`) VALUES (60, 'dicta');
INSERT INTO `media_types` (`id`, `name`) VALUES (71, 'dignissimos');
INSERT INTO `media_types` (`id`, `name`) VALUES (1, 'dolor');
INSERT INTO `media_types` (`id`, `name`) VALUES (40, 'doloribus');
INSERT INTO `media_types` (`id`, `name`) VALUES (92, 'ducimus');
INSERT INTO `media_types` (`id`, `name`) VALUES (64, 'ea');
INSERT INTO `media_types` (`id`, `name`) VALUES (70, 'eaque');
INSERT INTO `media_types` (`id`, `name`) VALUES (44, 'earum');
INSERT INTO `media_types` (`id`, `name`) VALUES (32, 'eligendi');
INSERT INTO `media_types` (`id`, `name`) VALUES (52, 'error');
INSERT INTO `media_types` (`id`, `name`) VALUES (6, 'est');
INSERT INTO `media_types` (`id`, `name`) VALUES (11, 'et');
INSERT INTO `media_types` (`id`, `name`) VALUES (37, 'eum');
INSERT INTO `media_types` (`id`, `name`) VALUES (82, 'eveniet');
INSERT INTO `media_types` (`id`, `name`) VALUES (59, 'excepturi');
INSERT INTO `media_types` (`id`, `name`) VALUES (58, 'exercitationem');
INSERT INTO `media_types` (`id`, `name`) VALUES (90, 'explicabo');
INSERT INTO `media_types` (`id`, `name`) VALUES (21, 'facere');
INSERT INTO `media_types` (`id`, `name`) VALUES (83, 'harum');
INSERT INTO `media_types` (`id`, `name`) VALUES (68, 'hic');
INSERT INTO `media_types` (`id`, `name`) VALUES (34, 'id');
INSERT INTO `media_types` (`id`, `name`) VALUES (56, 'illum');
INSERT INTO `media_types` (`id`, `name`) VALUES (42, 'ipsa');
INSERT INTO `media_types` (`id`, `name`) VALUES (76, 'ipsam');
INSERT INTO `media_types` (`id`, `name`) VALUES (28, 'itaque');
INSERT INTO `media_types` (`id`, `name`) VALUES (94, 'iure');
INSERT INTO `media_types` (`id`, `name`) VALUES (75, 'iusto');
INSERT INTO `media_types` (`id`, `name`) VALUES (15, 'labore');
INSERT INTO `media_types` (`id`, `name`) VALUES (93, 'laborum');
INSERT INTO `media_types` (`id`, `name`) VALUES (51, 'laudantium');
INSERT INTO `media_types` (`id`, `name`) VALUES (96, 'magnam');
INSERT INTO `media_types` (`id`, `name`) VALUES (87, 'magni');
INSERT INTO `media_types` (`id`, `name`) VALUES (78, 'maiores');
INSERT INTO `media_types` (`id`, `name`) VALUES (33, 'maxime');
INSERT INTO `media_types` (`id`, `name`) VALUES (74, 'minima');
INSERT INTO `media_types` (`id`, `name`) VALUES (18, 'minus');
INSERT INTO `media_types` (`id`, `name`) VALUES (98, 'molestias');
INSERT INTO `media_types` (`id`, `name`) VALUES (41, 'nam');
INSERT INTO `media_types` (`id`, `name`) VALUES (99, 'neque');
INSERT INTO `media_types` (`id`, `name`) VALUES (9, 'nihil');
INSERT INTO `media_types` (`id`, `name`) VALUES (19, 'nisi');
INSERT INTO `media_types` (`id`, `name`) VALUES (26, 'non');
INSERT INTO `media_types` (`id`, `name`) VALUES (65, 'numquam');
INSERT INTO `media_types` (`id`, `name`) VALUES (62, 'occaecati');
INSERT INTO `media_types` (`id`, `name`) VALUES (57, 'odio');
INSERT INTO `media_types` (`id`, `name`) VALUES (66, 'officia');
INSERT INTO `media_types` (`id`, `name`) VALUES (24, 'officiis');
INSERT INTO `media_types` (`id`, `name`) VALUES (79, 'omnis');
INSERT INTO `media_types` (`id`, `name`) VALUES (55, 'optio');
INSERT INTO `media_types` (`id`, `name`) VALUES (36, 'pariatur');
INSERT INTO `media_types` (`id`, `name`) VALUES (67, 'porro');
INSERT INTO `media_types` (`id`, `name`) VALUES (3, 'possimus');
INSERT INTO `media_types` (`id`, `name`) VALUES (7, 'praesentium');
INSERT INTO `media_types` (`id`, `name`) VALUES (27, 'quam');
INSERT INTO `media_types` (`id`, `name`) VALUES (31, 'quasi');
INSERT INTO `media_types` (`id`, `name`) VALUES (22, 'qui');
INSERT INTO `media_types` (`id`, `name`) VALUES (23, 'quia');
INSERT INTO `media_types` (`id`, `name`) VALUES (97, 'quis');
INSERT INTO `media_types` (`id`, `name`) VALUES (29, 'quisquam');
INSERT INTO `media_types` (`id`, `name`) VALUES (81, 'quo');
INSERT INTO `media_types` (`id`, `name`) VALUES (80, 'quos');
INSERT INTO `media_types` (`id`, `name`) VALUES (8, 'ratione');
INSERT INTO `media_types` (`id`, `name`) VALUES (45, 'rem');
INSERT INTO `media_types` (`id`, `name`) VALUES (13, 'repellat');
INSERT INTO `media_types` (`id`, `name`) VALUES (43, 'reprehenderit');
INSERT INTO `media_types` (`id`, `name`) VALUES (38, 'repudiandae');
INSERT INTO `media_types` (`id`, `name`) VALUES (10, 'saepe');
INSERT INTO `media_types` (`id`, `name`) VALUES (12, 'sed');
INSERT INTO `media_types` (`id`, `name`) VALUES (69, 'sequi');
INSERT INTO `media_types` (`id`, `name`) VALUES (95, 'similique');
INSERT INTO `media_types` (`id`, `name`) VALUES (25, 'sit');
INSERT INTO `media_types` (`id`, `name`) VALUES (88, 'sunt');
INSERT INTO `media_types` (`id`, `name`) VALUES (30, 'suscipit');
INSERT INTO `media_types` (`id`, `name`) VALUES (89, 'tempora');
INSERT INTO `media_types` (`id`, `name`) VALUES (17, 'unde');
INSERT INTO `media_types` (`id`, `name`) VALUES (20, 'ut');
INSERT INTO `media_types` (`id`, `name`) VALUES (63, 'vel');
INSERT INTO `media_types` (`id`, `name`) VALUES (49, 'velit');
INSERT INTO `media_types` (`id`, `name`) VALUES (16, 'voluptas');
INSERT INTO `media_types` (`id`, `name`) VALUES (2, 'voluptatem');
INSERT INTO `media_types` (`id`, `name`) VALUES (85, 'voluptatibus');


#
# TABLE STRUCTURE FOR: messages
#

DROP TABLE IF EXISTS `messages`;

CREATE TABLE `messages` (
  `id` int(10) unsigned NOT NULL AUTO_INCREMENT,
  `from_user_id` int(10) unsigned NOT NULL,
  `to_user_id` int(10) unsigned NOT NULL,
  `body` text COLLATE utf8_unicode_ci NOT NULL,
  `is_important` tinyint(1) DEFAULT NULL,
  `is_delivered` tinyint(1) DEFAULT NULL,
  `created_at` datetime DEFAULT current_timestamp(),
  PRIMARY KEY (`id`)
) ENGINE=InnoDB AUTO_INCREMENT=101 DEFAULT CHARSET=utf8 COLLATE=utf8_unicode_ci;

INSERT INTO `messages` (`id`, `from_user_id`, `to_user_id`, `body`, `is_important`, `is_delivered`, `created_at`) VALUES (1, 1, 1, 'Nihil omnis veritatis accusantium quae. Velit excepturi eum omnis. Doloribus tempora ratione blanditiis iure.', 1, 1, '2002-08-08 09:21:15');
INSERT INTO `messages` (`id`, `from_user_id`, `to_user_id`, `body`, `is_important`, `is_delivered`, `created_at`) VALUES (2, 2, 2, 'Perspiciatis culpa reprehenderit veniam provident. Eos earum quod consectetur quia sint commodi. Ipsam vel veniam et magnam officia esse. Fugit consequuntur odio ut doloribus dolorem vitae sunt eius.', 1, 0, '1987-07-19 05:23:10');
INSERT INTO `messages` (`id`, `from_user_id`, `to_user_id`, `body`, `is_important`, `is_delivered`, `created_at`) VALUES (3, 3, 3, 'Architecto reiciendis qui minus repudiandae. Cumque eligendi illum consequatur qui odio earum rerum.', 0, 0, '2006-07-23 00:10:49');
INSERT INTO `messages` (`id`, `from_user_id`, `to_user_id`, `body`, `is_important`, `is_delivered`, `created_at`) VALUES (4, 4, 4, 'Deserunt ea placeat veritatis magnam quasi aut sint. Ipsa harum totam dolorem sed voluptate sed. Ut tenetur aliquam delectus delectus et.', 0, 0, '2019-01-25 02:01:54');
INSERT INTO `messages` (`id`, `from_user_id`, `to_user_id`, `body`, `is_important`, `is_delivered`, `created_at`) VALUES (5, 5, 5, 'Cupiditate aut odio sequi in eos ipsum voluptas consequatur. Omnis cum suscipit incidunt sequi. Quo dolorem iure voluptatem dolorem consequatur eos. Sed voluptatem perspiciatis itaque.', 0, 0, '2019-07-11 21:36:10');
INSERT INTO `messages` (`id`, `from_user_id`, `to_user_id`, `body`, `is_important`, `is_delivered`, `created_at`) VALUES (6, 6, 6, 'Sint similique at qui illo soluta atque. Harum quos animi qui minima. Ut consectetur assumenda modi et qui tenetur incidunt quos. Ullam laboriosam corrupti officiis.', 1, 0, '1970-04-16 15:03:58');
INSERT INTO `messages` (`id`, `from_user_id`, `to_user_id`, `body`, `is_important`, `is_delivered`, `created_at`) VALUES (7, 7, 7, 'Repudiandae odio ipsam quam cupiditate et id eos. Totam quia incidunt veritatis molestias ut impedit ad qui. Inventore quis quos dolores deserunt quia et dolorem. Iste ab numquam modi cumque itaque voluptatibus. Dolorem distinctio quod eum sapiente consequuntur eius ullam.', 0, 0, '2009-01-02 03:50:59');
INSERT INTO `messages` (`id`, `from_user_id`, `to_user_id`, `body`, `is_important`, `is_delivered`, `created_at`) VALUES (8, 8, 8, 'Omnis dolorem aut sapiente quidem debitis est consequatur itaque. Laborum ea quibusdam sunt tempore dolor assumenda architecto nulla. Harum deserunt et rerum dignissimos quo vel atque. Minima voluptas quaerat dignissimos nam quisquam eaque. Non praesentium eius sunt sapiente.', 0, 1, '1989-11-13 06:57:51');
INSERT INTO `messages` (`id`, `from_user_id`, `to_user_id`, `body`, `is_important`, `is_delivered`, `created_at`) VALUES (9, 9, 9, 'Odio qui iure sit voluptatem. Doloribus repellendus ipsa iste accusamus. Ullam sint a ad ad necessitatibus iste fugiat. Possimus et autem rerum doloribus ducimus occaecati.', 1, 0, '2008-06-18 01:30:23');
INSERT INTO `messages` (`id`, `from_user_id`, `to_user_id`, `body`, `is_important`, `is_delivered`, `created_at`) VALUES (10, 10, 10, 'Est quis minus est magni officiis. Libero itaque quibusdam ducimus et. Dolorem tempore omnis esse ullam quibusdam. Ducimus recusandae vel ipsa quia.', 0, 1, '1988-04-08 23:39:29');
INSERT INTO `messages` (`id`, `from_user_id`, `to_user_id`, `body`, `is_important`, `is_delivered`, `created_at`) VALUES (11, 11, 11, 'Beatae quo voluptas nobis qui officia sit. Provident quidem quia aut voluptas magni. Nam optio aut sed ipsum quidem adipisci reiciendis quia. Sed voluptatem mollitia distinctio.', 0, 0, '1981-03-05 15:59:14');
INSERT INTO `messages` (`id`, `from_user_id`, `to_user_id`, `body`, `is_important`, `is_delivered`, `created_at`) VALUES (12, 12, 12, 'Quisquam necessitatibus voluptatem impedit dolor qui est itaque. Ipsum mollitia blanditiis vel ullam. Sit aliquam et impedit magni ut. Nam laboriosam laborum praesentium quas iusto iusto asperiores.', 0, 1, '2017-10-07 04:57:07');
INSERT INTO `messages` (`id`, `from_user_id`, `to_user_id`, `body`, `is_important`, `is_delivered`, `created_at`) VALUES (13, 13, 13, 'Neque numquam dolor consequatur magnam qui est suscipit. Sit et aut culpa iure repellat iure ut natus.', 0, 1, '1973-07-10 05:29:42');
INSERT INTO `messages` (`id`, `from_user_id`, `to_user_id`, `body`, `is_important`, `is_delivered`, `created_at`) VALUES (14, 14, 14, 'Sunt molestiae quos magnam voluptas doloribus beatae consectetur. Rerum eum fugiat laudantium voluptates rerum corporis. Tempore qui ducimus ratione expedita. Nesciunt provident perferendis in.', 0, 1, '1997-12-13 16:09:30');
INSERT INTO `messages` (`id`, `from_user_id`, `to_user_id`, `body`, `is_important`, `is_delivered`, `created_at`) VALUES (15, 15, 15, 'Neque soluta soluta amet aliquam molestias eligendi commodi. Sunt consequuntur consequuntur aliquam. Mollitia non est blanditiis.', 0, 1, '1993-12-03 01:38:12');
INSERT INTO `messages` (`id`, `from_user_id`, `to_user_id`, `body`, `is_important`, `is_delivered`, `created_at`) VALUES (16, 16, 16, 'Occaecati autem accusamus omnis quis. Odio facilis minus impedit laudantium unde qui. Eaque optio veritatis saepe aspernatur possimus vero enim voluptatum.', 0, 1, '1990-05-22 21:59:26');
INSERT INTO `messages` (`id`, `from_user_id`, `to_user_id`, `body`, `is_important`, `is_delivered`, `created_at`) VALUES (17, 17, 17, 'Dolorum qui laboriosam vitae rerum error. Tenetur ad qui magnam rerum aut et. Consequuntur quae itaque et est.', 0, 1, '1991-05-30 02:44:15');
INSERT INTO `messages` (`id`, `from_user_id`, `to_user_id`, `body`, `is_important`, `is_delivered`, `created_at`) VALUES (18, 18, 18, 'Odit quia voluptatum ipsum corporis necessitatibus. Tempore quod dicta et.', 1, 0, '1999-07-23 21:38:10');
INSERT INTO `messages` (`id`, `from_user_id`, `to_user_id`, `body`, `is_important`, `is_delivered`, `created_at`) VALUES (19, 19, 19, 'Et non iste reprehenderit consequuntur. Vitae id minima voluptas laboriosam corporis. Excepturi harum sit id quae aspernatur eum est.', 1, 1, '1984-11-16 15:17:11');
INSERT INTO `messages` (`id`, `from_user_id`, `to_user_id`, `body`, `is_important`, `is_delivered`, `created_at`) VALUES (20, 20, 20, 'Quis reiciendis vel facere vel voluptas deserunt praesentium. Dicta distinctio dolor commodi aut doloribus. Molestiae praesentium cupiditate aut earum omnis itaque. Qui occaecati at blanditiis eos ex ipsam aut.', 0, 0, '1989-04-19 06:49:54');
INSERT INTO `messages` (`id`, `from_user_id`, `to_user_id`, `body`, `is_important`, `is_delivered`, `created_at`) VALUES (21, 21, 21, 'Est sed tempora magni. Doloremque tempora et fuga voluptatum numquam laudantium reiciendis. Harum iusto non amet et sint. Ipsum dolores eligendi numquam dolorem architecto.', 1, 1, '1999-02-10 12:06:30');
INSERT INTO `messages` (`id`, `from_user_id`, `to_user_id`, `body`, `is_important`, `is_delivered`, `created_at`) VALUES (22, 22, 22, 'Nostrum velit natus est quis accusamus sed temporibus laboriosam. Ab deserunt excepturi rem ducimus iste. Molestiae non soluta tenetur incidunt. Aut perspiciatis occaecati sint nobis quia.', 0, 0, '1986-05-26 06:30:56');
INSERT INTO `messages` (`id`, `from_user_id`, `to_user_id`, `body`, `is_important`, `is_delivered`, `created_at`) VALUES (23, 23, 23, 'Labore mollitia voluptate voluptates. Et et alias nam inventore sunt.', 1, 1, '2007-11-29 11:16:15');
INSERT INTO `messages` (`id`, `from_user_id`, `to_user_id`, `body`, `is_important`, `is_delivered`, `created_at`) VALUES (24, 24, 24, 'Accusantium voluptas aperiam quos. Rerum quia libero minus aspernatur rerum quaerat ut. Aut atque omnis omnis commodi perferendis nesciunt.', 0, 0, '1996-07-26 13:46:58');
INSERT INTO `messages` (`id`, `from_user_id`, `to_user_id`, `body`, `is_important`, `is_delivered`, `created_at`) VALUES (25, 25, 25, 'Nam nam id omnis tempore voluptatem quia. Eaque sit est aut mollitia commodi aut. Autem est ipsum quas molestias officia id et. Autem tempore explicabo quam fuga.', 0, 0, '1989-03-17 22:42:00');
INSERT INTO `messages` (`id`, `from_user_id`, `to_user_id`, `body`, `is_important`, `is_delivered`, `created_at`) VALUES (26, 26, 26, 'Dolor illum iure omnis eaque nihil quia ea. Vitae dolor ut sit quia quidem. Nostrum quis quisquam accusantium quibusdam.', 0, 0, '2010-07-25 19:17:47');
INSERT INTO `messages` (`id`, `from_user_id`, `to_user_id`, `body`, `is_important`, `is_delivered`, `created_at`) VALUES (27, 27, 27, 'Omnis voluptatem adipisci aut. Ut molestias nulla perferendis tenetur perspiciatis voluptate. Maxime aut aut corrupti sit sed. Dolorem in possimus dolorem.', 1, 1, '1994-09-11 03:34:32');
INSERT INTO `messages` (`id`, `from_user_id`, `to_user_id`, `body`, `is_important`, `is_delivered`, `created_at`) VALUES (28, 28, 28, 'Quo itaque libero eos est maxime consequatur. Delectus fuga qui autem repudiandae molestiae. Quia perferendis eius consectetur. Sit nostrum vel eveniet nemo culpa.', 0, 0, '2019-02-19 19:10:38');
INSERT INTO `messages` (`id`, `from_user_id`, `to_user_id`, `body`, `is_important`, `is_delivered`, `created_at`) VALUES (29, 29, 29, 'Maxime assumenda mollitia fugit ut. Quisquam itaque iusto voluptatum nostrum ipsam magnam. Nam odio ipsa in sed.', 1, 1, '2012-07-13 13:28:59');
INSERT INTO `messages` (`id`, `from_user_id`, `to_user_id`, `body`, `is_important`, `is_delivered`, `created_at`) VALUES (30, 30, 30, 'Ullam impedit perferendis excepturi. Autem voluptas quas dolor voluptatem quia. Accusantium repellat quis quia ullam odio eaque et.', 1, 0, '1971-02-26 18:46:54');
INSERT INTO `messages` (`id`, `from_user_id`, `to_user_id`, `body`, `is_important`, `is_delivered`, `created_at`) VALUES (31, 31, 31, 'Iste nostrum ipsa est aut. Officia pariatur tenetur porro aut voluptatem perspiciatis eius. Id illum eveniet recusandae modi quos quaerat ipsam.', 1, 1, '1971-12-29 01:44:43');
INSERT INTO `messages` (`id`, `from_user_id`, `to_user_id`, `body`, `is_important`, `is_delivered`, `created_at`) VALUES (32, 32, 32, 'Voluptas quod quia alias suscipit sit illum. Repellat et a molestiae omnis molestias consequatur. A excepturi velit corrupti nesciunt temporibus eos voluptatem dignissimos. Neque tempore eos ducimus blanditiis quisquam molestiae sit.', 1, 1, '2009-07-08 03:46:35');
INSERT INTO `messages` (`id`, `from_user_id`, `to_user_id`, `body`, `is_important`, `is_delivered`, `created_at`) VALUES (33, 33, 33, 'Et rem accusamus eius qui. Officiis qui quam iure. Dolorum iste est vel odit. Occaecati et eos non maxime.', 0, 1, '1983-08-11 00:13:55');
INSERT INTO `messages` (`id`, `from_user_id`, `to_user_id`, `body`, `is_important`, `is_delivered`, `created_at`) VALUES (34, 34, 34, 'Animi earum suscipit est at eos qui. Sit explicabo vel tempore sequi laboriosam adipisci. Omnis magni illo voluptas nihil et sapiente.', 0, 1, '2001-07-16 17:11:20');
INSERT INTO `messages` (`id`, `from_user_id`, `to_user_id`, `body`, `is_important`, `is_delivered`, `created_at`) VALUES (35, 35, 35, 'Voluptatem nihil mollitia asperiores placeat nulla dolorem. Incidunt consectetur nostrum quis nostrum. Debitis dolor sit quia omnis nesciunt.', 1, 1, '1986-09-10 22:49:04');
INSERT INTO `messages` (`id`, `from_user_id`, `to_user_id`, `body`, `is_important`, `is_delivered`, `created_at`) VALUES (36, 36, 36, 'Adipisci quia nam quo qui. Eum eos nam perferendis quibusdam sunt. Quis minus qui aliquam doloremque culpa. Ex optio fugit dicta laudantium rerum quo.', 0, 0, '2016-05-17 12:31:24');
INSERT INTO `messages` (`id`, `from_user_id`, `to_user_id`, `body`, `is_important`, `is_delivered`, `created_at`) VALUES (37, 37, 37, 'Nisi assumenda quod mollitia aut eveniet. Molestias at ex nulla consectetur. Nam omnis porro nam sit. Voluptatem ut quaerat inventore. Suscipit explicabo consectetur nisi expedita voluptatum.', 1, 1, '1990-04-15 17:37:48');
INSERT INTO `messages` (`id`, `from_user_id`, `to_user_id`, `body`, `is_important`, `is_delivered`, `created_at`) VALUES (38, 38, 38, 'Aliquid a voluptatem ut sit nihil deleniti deleniti. Adipisci odio eos ut consequuntur ipsa. Perferendis omnis adipisci fuga quia mollitia repellat deleniti. Consequuntur repudiandae non commodi illum delectus dignissimos.', 0, 0, '1995-08-11 15:55:09');
INSERT INTO `messages` (`id`, `from_user_id`, `to_user_id`, `body`, `is_important`, `is_delivered`, `created_at`) VALUES (39, 39, 39, 'Nam alias sequi maiores voluptatem iusto. Sunt dolorem numquam iste accusantium. Et vel quod quo architecto.', 0, 0, '1985-01-17 20:12:01');
INSERT INTO `messages` (`id`, `from_user_id`, `to_user_id`, `body`, `is_important`, `is_delivered`, `created_at`) VALUES (40, 40, 40, 'Voluptas id voluptate perspiciatis quis dolorem saepe. Qui fuga est maxime quo sit. Placeat voluptas excepturi consectetur ipsam ipsa sequi libero.', 1, 1, '1971-08-04 03:49:19');
INSERT INTO `messages` (`id`, `from_user_id`, `to_user_id`, `body`, `is_important`, `is_delivered`, `created_at`) VALUES (41, 41, 41, 'Magni possimus commodi dolor est. Ut sunt et reprehenderit sed voluptatem dolorem placeat. Vel repellendus non odit aliquid illo. Distinctio sit dolorem sint corporis nobis. Repudiandae est sed voluptatem cumque nihil animi.', 0, 1, '1991-10-07 04:00:45');
INSERT INTO `messages` (`id`, `from_user_id`, `to_user_id`, `body`, `is_important`, `is_delivered`, `created_at`) VALUES (42, 42, 42, 'Cupiditate laborum voluptatum blanditiis ullam. Non est vitae doloremque ut accusantium. Aut voluptates autem similique voluptas deserunt et.', 0, 1, '2012-11-04 12:25:52');
INSERT INTO `messages` (`id`, `from_user_id`, `to_user_id`, `body`, `is_important`, `is_delivered`, `created_at`) VALUES (43, 43, 43, 'Fugiat sed possimus unde doloremque atque porro. Alias sequi aut nam praesentium est. Quibusdam cum qui officia amet. Fuga voluptatem dolorem ut autem.', 1, 1, '2016-11-11 02:48:27');
INSERT INTO `messages` (`id`, `from_user_id`, `to_user_id`, `body`, `is_important`, `is_delivered`, `created_at`) VALUES (44, 44, 44, 'Culpa possimus aut vero dolores accusamus voluptatem repellat dolorum. Soluta asperiores iste ut et quia fuga. Laboriosam mollitia qui temporibus iure molestias cum ut. Nemo quo voluptatum dolores aperiam.', 0, 0, '2013-07-19 09:53:58');
INSERT INTO `messages` (`id`, `from_user_id`, `to_user_id`, `body`, `is_important`, `is_delivered`, `created_at`) VALUES (45, 45, 45, 'A eius aut quasi qui ea dolore fugiat. Et sint nobis quisquam quos dolor expedita. Ut necessitatibus doloribus veritatis.', 0, 0, '2011-11-15 10:07:50');
INSERT INTO `messages` (`id`, `from_user_id`, `to_user_id`, `body`, `is_important`, `is_delivered`, `created_at`) VALUES (46, 46, 46, 'Aliquid explicabo quis quia amet neque iure dolores. Aut quia distinctio qui. Voluptates id officia qui laborum quia sint occaecati. Est consequatur nostrum blanditiis omnis et.', 1, 0, '1991-03-05 00:45:02');
INSERT INTO `messages` (`id`, `from_user_id`, `to_user_id`, `body`, `is_important`, `is_delivered`, `created_at`) VALUES (47, 47, 47, 'Ad vero eius libero et voluptatum nam vel. Non sed voluptatem provident qui nobis doloremque. Quasi consectetur aut in iure rerum.', 1, 1, '2019-04-14 02:30:28');
INSERT INTO `messages` (`id`, `from_user_id`, `to_user_id`, `body`, `is_important`, `is_delivered`, `created_at`) VALUES (48, 48, 48, 'Et consequuntur laboriosam molestiae. Qui omnis error beatae aspernatur omnis. Placeat sapiente omnis corporis dolorum ut fuga.', 1, 0, '1970-12-17 09:36:04');
INSERT INTO `messages` (`id`, `from_user_id`, `to_user_id`, `body`, `is_important`, `is_delivered`, `created_at`) VALUES (49, 49, 49, 'Dignissimos pariatur et similique aut repellat voluptatem expedita. Cumque odit alias autem quo enim. Quae quod ut veniam aut delectus. Omnis molestiae asperiores occaecati alias. Maiores ratione laudantium reprehenderit doloremque autem.', 1, 1, '1993-02-28 01:24:13');
INSERT INTO `messages` (`id`, `from_user_id`, `to_user_id`, `body`, `is_important`, `is_delivered`, `created_at`) VALUES (50, 50, 50, 'Quasi assumenda veniam quidem odit. Nam voluptates a temporibus ipsa ex aliquam. Sit illum quidem qui maiores.', 1, 1, '1996-03-29 02:34:45');
INSERT INTO `messages` (`id`, `from_user_id`, `to_user_id`, `body`, `is_important`, `is_delivered`, `created_at`) VALUES (51, 51, 51, 'Dolorem ut culpa ducimus similique est. Aut nam voluptatem earum nulla hic minus omnis tenetur. Quia nam voluptas iure id eaque magni voluptas. Eos enim corporis ut ad.', 0, 0, '1980-01-08 19:04:02');
INSERT INTO `messages` (`id`, `from_user_id`, `to_user_id`, `body`, `is_important`, `is_delivered`, `created_at`) VALUES (52, 52, 52, 'Tempore et perferendis et suscipit ut. Molestias sequi alias pariatur sint voluptas optio et tempore. Dolor maiores autem molestiae qui eum. Et quia eum qui quis perferendis natus ut eveniet. Libero in dolorem debitis amet asperiores voluptas quis.', 1, 0, '1996-02-11 22:44:54');
INSERT INTO `messages` (`id`, `from_user_id`, `to_user_id`, `body`, `is_important`, `is_delivered`, `created_at`) VALUES (53, 53, 53, 'Pariatur et vel incidunt et explicabo commodi. Numquam recusandae officia ipsa corporis molestiae. Accusamus cupiditate hic saepe ducimus odit beatae. Iusto facilis voluptatum ipsum saepe dolor.', 1, 0, '2015-12-02 11:21:17');
INSERT INTO `messages` (`id`, `from_user_id`, `to_user_id`, `body`, `is_important`, `is_delivered`, `created_at`) VALUES (54, 54, 54, 'Ut officiis delectus et repudiandae sit. Ab provident aliquid nobis architecto. Est possimus dolorum voluptatum harum corrupti.', 0, 0, '2015-06-19 00:23:23');
INSERT INTO `messages` (`id`, `from_user_id`, `to_user_id`, `body`, `is_important`, `is_delivered`, `created_at`) VALUES (55, 55, 55, 'Perferendis aliquam est inventore. Voluptatem harum atque dolor alias ab temporibus. Officiis sed atque similique eum maxime.', 1, 0, '2002-08-05 22:45:41');
INSERT INTO `messages` (`id`, `from_user_id`, `to_user_id`, `body`, `is_important`, `is_delivered`, `created_at`) VALUES (56, 56, 56, 'Qui necessitatibus sint ut soluta fuga rerum sed. Ut est itaque atque voluptates. Aperiam magni voluptas eum vel eveniet eum rerum. Asperiores aliquam ipsa repudiandae nulla ut.', 0, 1, '2019-11-22 18:14:31');
INSERT INTO `messages` (`id`, `from_user_id`, `to_user_id`, `body`, `is_important`, `is_delivered`, `created_at`) VALUES (57, 57, 57, 'Et laboriosam deserunt voluptatem eveniet error. Sunt consequatur qui molestiae ad commodi. Beatae earum quaerat cum libero cupiditate dolor ipsam. Eius soluta eveniet eum et modi dolore incidunt.', 0, 1, '2004-11-27 03:17:31');
INSERT INTO `messages` (`id`, `from_user_id`, `to_user_id`, `body`, `is_important`, `is_delivered`, `created_at`) VALUES (58, 58, 58, 'Et dolor eius atque fugiat quia. Voluptatum nihil distinctio architecto placeat ratione molestias iure. Tenetur et illo numquam delectus et labore. Quibusdam sunt possimus consectetur possimus cum aut. Officiis ab quisquam sed eveniet architecto et voluptate.', 0, 0, '1971-07-02 08:26:32');
INSERT INTO `messages` (`id`, `from_user_id`, `to_user_id`, `body`, `is_important`, `is_delivered`, `created_at`) VALUES (59, 59, 59, 'Fugiat iste voluptatem fugit. Officiis laborum fugit vel quasi odit et. Laborum temporibus commodi quos et culpa.', 1, 1, '1978-02-21 15:54:06');
INSERT INTO `messages` (`id`, `from_user_id`, `to_user_id`, `body`, `is_important`, `is_delivered`, `created_at`) VALUES (60, 60, 60, 'Quaerat illo ipsa est et corporis fugiat porro. Dolor consequatur perspiciatis deserunt quis deleniti. Rerum iste sit ipsa non nesciunt. Ipsa in qui excepturi in dicta dicta. Qui quis totam veritatis quod et.', 1, 1, '2017-04-25 02:22:17');
INSERT INTO `messages` (`id`, `from_user_id`, `to_user_id`, `body`, `is_important`, `is_delivered`, `created_at`) VALUES (61, 61, 61, 'Eius consectetur est minus molestiae unde. Nesciunt impedit ea aut a. Est dicta in corporis qui laborum. Ut quo animi hic illo sed beatae consequuntur.', 1, 0, '1978-08-31 16:14:27');
INSERT INTO `messages` (`id`, `from_user_id`, `to_user_id`, `body`, `is_important`, `is_delivered`, `created_at`) VALUES (62, 62, 62, 'Vel aperiam doloribus autem. Natus ducimus omnis delectus non voluptatem animi. Nulla pariatur natus neque sequi aspernatur. Consequuntur aspernatur quam repellat aut ab soluta ea.', 1, 1, '1987-05-03 22:51:14');
INSERT INTO `messages` (`id`, `from_user_id`, `to_user_id`, `body`, `is_important`, `is_delivered`, `created_at`) VALUES (63, 63, 63, 'Perferendis ipsum assumenda reprehenderit quis. Accusamus tenetur occaecati vel officiis cum ut. Amet voluptatibus omnis nostrum. Voluptas explicabo ut ut quia itaque autem.', 1, 1, '1988-05-07 07:31:38');
INSERT INTO `messages` (`id`, `from_user_id`, `to_user_id`, `body`, `is_important`, `is_delivered`, `created_at`) VALUES (64, 64, 64, 'Recusandae atque eum voluptatem mollitia beatae magnam. Nisi aperiam assumenda cupiditate fugiat asperiores. Sint deserunt vero nihil aperiam sint cupiditate.', 1, 1, '1992-01-19 09:33:34');
INSERT INTO `messages` (`id`, `from_user_id`, `to_user_id`, `body`, `is_important`, `is_delivered`, `created_at`) VALUES (65, 65, 65, 'Minus totam vel facere officiis velit ullam vel. Nostrum nobis dolor a et et. Cupiditate iure necessitatibus eaque ipsam vel.', 0, 1, '1970-07-06 15:59:13');
INSERT INTO `messages` (`id`, `from_user_id`, `to_user_id`, `body`, `is_important`, `is_delivered`, `created_at`) VALUES (66, 66, 66, 'Nostrum quia illum quidem sit. Ut rerum error animi est id. Quas possimus vel qui distinctio ab.', 1, 0, '1991-07-08 04:34:46');
INSERT INTO `messages` (`id`, `from_user_id`, `to_user_id`, `body`, `is_important`, `is_delivered`, `created_at`) VALUES (67, 67, 67, 'Est modi pariatur earum in. Similique earum quis occaecati delectus quo unde sapiente aut. Beatae facilis aliquid reprehenderit architecto quaerat explicabo.', 0, 1, '1976-06-20 08:54:30');
INSERT INTO `messages` (`id`, `from_user_id`, `to_user_id`, `body`, `is_important`, `is_delivered`, `created_at`) VALUES (68, 68, 68, 'Ducimus ab corrupti maxime ea eveniet nesciunt. Magnam a officiis quos sit blanditiis. Voluptates magni voluptatum assumenda cupiditate rem qui. Illum quidem ad cum voluptate similique dolores.', 1, 1, '2006-12-07 06:59:33');
INSERT INTO `messages` (`id`, `from_user_id`, `to_user_id`, `body`, `is_important`, `is_delivered`, `created_at`) VALUES (69, 69, 69, 'In numquam ut et dicta vero neque et quod. Adipisci labore corrupti qui cum. Quod porro magni enim. Facilis asperiores culpa voluptatibus.', 0, 1, '1972-09-27 01:21:41');
INSERT INTO `messages` (`id`, `from_user_id`, `to_user_id`, `body`, `is_important`, `is_delivered`, `created_at`) VALUES (70, 70, 70, 'Cupiditate eius aut aut. Voluptates vel magni eius soluta eveniet expedita. Animi enim consequatur corrupti.', 1, 1, '2005-01-11 18:08:42');
INSERT INTO `messages` (`id`, `from_user_id`, `to_user_id`, `body`, `is_important`, `is_delivered`, `created_at`) VALUES (71, 71, 71, 'Sed quia pariatur tempore similique dicta delectus. In placeat iure ipsum magni facilis officiis. Culpa ex tempore sapiente quod. Quia itaque dicta culpa et.', 0, 0, '1994-02-16 04:36:02');
INSERT INTO `messages` (`id`, `from_user_id`, `to_user_id`, `body`, `is_important`, `is_delivered`, `created_at`) VALUES (72, 72, 72, 'Et autem et corporis corporis. Dolor dolor sed minus sunt saepe molestias quae aut. Harum et voluptas et tenetur saepe exercitationem.', 1, 1, '1982-12-01 15:05:26');
INSERT INTO `messages` (`id`, `from_user_id`, `to_user_id`, `body`, `is_important`, `is_delivered`, `created_at`) VALUES (73, 73, 73, 'Eos ratione sunt labore nihil corrupti doloremque aut. Rerum consectetur magnam ea adipisci et vero.', 0, 1, '2012-10-03 19:01:06');
INSERT INTO `messages` (`id`, `from_user_id`, `to_user_id`, `body`, `is_important`, `is_delivered`, `created_at`) VALUES (74, 74, 74, 'Voluptas ut cum eaque consequuntur nam pariatur alias sequi. Praesentium laborum libero repellat dolor.', 0, 1, '1980-08-06 13:42:02');
INSERT INTO `messages` (`id`, `from_user_id`, `to_user_id`, `body`, `is_important`, `is_delivered`, `created_at`) VALUES (75, 75, 75, 'Eos aut laborum ratione commodi expedita et quis. Qui ut et sed deserunt totam est ea cum.', 0, 1, '2014-11-14 19:26:13');
INSERT INTO `messages` (`id`, `from_user_id`, `to_user_id`, `body`, `is_important`, `is_delivered`, `created_at`) VALUES (76, 76, 76, 'Est consequatur consequatur excepturi optio cumque unde. Rem enim et magnam omnis architecto. Consequatur odio laborum saepe. Reiciendis molestiae autem rerum et est et quidem.', 1, 0, '2007-12-21 04:08:13');
INSERT INTO `messages` (`id`, `from_user_id`, `to_user_id`, `body`, `is_important`, `is_delivered`, `created_at`) VALUES (77, 77, 77, 'Labore vitae maiores placeat aperiam itaque asperiores blanditiis. Sunt est tempore quia nemo eum atque. Dolorem at facere aut similique rerum cupiditate et. Magni sit et nostrum ea. Et consequuntur est eligendi et temporibus minus.', 1, 1, '1994-02-22 09:50:09');
INSERT INTO `messages` (`id`, `from_user_id`, `to_user_id`, `body`, `is_important`, `is_delivered`, `created_at`) VALUES (78, 78, 78, 'Incidunt enim nobis et magnam. Quasi dolorem perferendis aliquid quam.', 1, 1, '1988-02-22 08:41:57');
INSERT INTO `messages` (`id`, `from_user_id`, `to_user_id`, `body`, `is_important`, `is_delivered`, `created_at`) VALUES (79, 79, 79, 'Cupiditate et illo voluptatem nisi quo. Excepturi quisquam fugiat distinctio aliquid cupiditate corrupti eaque. Excepturi animi facilis recusandae fuga aut quos nihil. Ipsam qui ipsa architecto aspernatur consequuntur aut ea.', 0, 1, '2017-08-06 02:26:52');
INSERT INTO `messages` (`id`, `from_user_id`, `to_user_id`, `body`, `is_important`, `is_delivered`, `created_at`) VALUES (80, 80, 80, 'Sed ab ut cupiditate neque consequatur. Est dolore quod rerum et similique voluptatem corrupti rem. Omnis adipisci sit sed non laudantium aut.', 1, 1, '2000-10-02 14:30:58');
INSERT INTO `messages` (`id`, `from_user_id`, `to_user_id`, `body`, `is_important`, `is_delivered`, `created_at`) VALUES (81, 81, 81, 'Officia eos vitae quod voluptatibus. Veritatis aut qui magni est voluptatum saepe maxime. Nobis saepe ipsum qui ut accusantium dicta.', 1, 1, '1985-06-20 14:20:15');
INSERT INTO `messages` (`id`, `from_user_id`, `to_user_id`, `body`, `is_important`, `is_delivered`, `created_at`) VALUES (82, 82, 82, 'Et eum sed nihil voluptatem est. Corrupti magnam possimus explicabo quisquam optio. Ipsam minus harum qui debitis velit.', 0, 0, '1991-07-26 19:52:17');
INSERT INTO `messages` (`id`, `from_user_id`, `to_user_id`, `body`, `is_important`, `is_delivered`, `created_at`) VALUES (83, 83, 83, 'Sapiente aut impedit labore aspernatur et aut. Est fuga rerum culpa rerum. Et nemo rem ratione sequi veritatis et.', 1, 1, '2009-09-05 08:29:38');
INSERT INTO `messages` (`id`, `from_user_id`, `to_user_id`, `body`, `is_important`, `is_delivered`, `created_at`) VALUES (84, 84, 84, 'Possimus et a quisquam et quos eos et. Dolore ab sed qui est quasi iure autem est. Et sapiente consequatur culpa ab facere quasi consequatur explicabo.', 1, 0, '2001-01-21 23:53:43');
INSERT INTO `messages` (`id`, `from_user_id`, `to_user_id`, `body`, `is_important`, `is_delivered`, `created_at`) VALUES (85, 85, 85, 'Totam quam corrupti consectetur rerum ducimus in voluptatem iure. Molestias autem voluptatem blanditiis. Corporis qui eaque iusto quis quia. Quos molestiae et quidem rerum magnam sed omnis pariatur.', 1, 0, '1976-03-22 20:55:34');
INSERT INTO `messages` (`id`, `from_user_id`, `to_user_id`, `body`, `is_important`, `is_delivered`, `created_at`) VALUES (86, 86, 86, 'Aliquid repudiandae veniam eligendi et. Id voluptatem voluptas nulla corrupti possimus. Optio occaecati veritatis eveniet repellendus.', 0, 1, '1997-06-10 03:48:59');
INSERT INTO `messages` (`id`, `from_user_id`, `to_user_id`, `body`, `is_important`, `is_delivered`, `created_at`) VALUES (87, 87, 87, 'Recusandae error inventore ut vero. Quisquam quia minus modi enim corrupti cupiditate enim necessitatibus. Amet debitis et dolore aperiam facere magni.', 1, 0, '2002-08-09 04:20:35');
INSERT INTO `messages` (`id`, `from_user_id`, `to_user_id`, `body`, `is_important`, `is_delivered`, `created_at`) VALUES (88, 88, 88, 'Inventore dolores fuga tenetur ipsa. Maiores amet necessitatibus explicabo omnis quis natus. Aut eligendi earum rerum.', 0, 1, '1993-12-10 13:12:57');
INSERT INTO `messages` (`id`, `from_user_id`, `to_user_id`, `body`, `is_important`, `is_delivered`, `created_at`) VALUES (89, 89, 89, 'Adipisci omnis sed fuga debitis amet et. Nihil ex mollitia accusamus natus est. Et quis perferendis dignissimos cum assumenda rerum.', 1, 1, '1983-08-06 10:35:52');
INSERT INTO `messages` (`id`, `from_user_id`, `to_user_id`, `body`, `is_important`, `is_delivered`, `created_at`) VALUES (90, 90, 90, 'Voluptas at qui nisi perferendis sapiente voluptatem ducimus eum. Ullam accusantium dolorem modi possimus veritatis. Cupiditate et in accusantium qui. Iusto officia laboriosam quam autem iure enim.', 0, 0, '1974-03-24 22:37:55');
INSERT INTO `messages` (`id`, `from_user_id`, `to_user_id`, `body`, `is_important`, `is_delivered`, `created_at`) VALUES (91, 91, 91, 'Blanditiis aliquam cumque velit culpa. Labore quo enim ut odio. Iste eius magni est aut ullam qui.', 1, 1, '2015-05-16 11:34:19');
INSERT INTO `messages` (`id`, `from_user_id`, `to_user_id`, `body`, `is_important`, `is_delivered`, `created_at`) VALUES (92, 92, 92, 'Dignissimos aliquam corrupti eum ut soluta. Provident quae voluptas quidem tempora aliquid ut minima. Repellat ea occaecati nisi. Aut ducimus est repellendus similique quam dolor iure.', 1, 0, '1987-01-29 13:37:04');
INSERT INTO `messages` (`id`, `from_user_id`, `to_user_id`, `body`, `is_important`, `is_delivered`, `created_at`) VALUES (93, 93, 93, 'Dignissimos cum dolores deleniti occaecati id neque eos. Sunt neque voluptatem vitae et nemo dolor qui. Aliquam voluptates cupiditate quis et quia. In quibusdam sit qui sunt minima accusantium.', 0, 1, '2006-07-14 15:53:48');
INSERT INTO `messages` (`id`, `from_user_id`, `to_user_id`, `body`, `is_important`, `is_delivered`, `created_at`) VALUES (94, 94, 94, 'Molestiae deserunt est voluptatem ducimus recusandae. Nisi ullam incidunt et omnis dolorem. Unde et nemo omnis tempora voluptas soluta numquam cupiditate. Ipsum quia rerum neque non occaecati sequi et.', 0, 0, '2006-01-01 10:02:36');
INSERT INTO `messages` (`id`, `from_user_id`, `to_user_id`, `body`, `is_important`, `is_delivered`, `created_at`) VALUES (95, 95, 95, 'Culpa molestiae et earum ea ut excepturi molestiae. Vitae odit voluptatibus voluptate rerum aliquam. Aut quod consectetur et quidem libero quibusdam. Dignissimos quaerat similique minima odit quia placeat enim.', 1, 0, '1990-04-07 04:52:05');
INSERT INTO `messages` (`id`, `from_user_id`, `to_user_id`, `body`, `is_important`, `is_delivered`, `created_at`) VALUES (96, 96, 96, 'Sed omnis aut et aut rerum omnis iusto. Minus itaque est fuga id porro. Id expedita sint velit incidunt occaecati.', 1, 1, '2012-05-26 07:35:39');
INSERT INTO `messages` (`id`, `from_user_id`, `to_user_id`, `body`, `is_important`, `is_delivered`, `created_at`) VALUES (97, 97, 97, 'Eaque eos vitae iusto dolorem vero expedita. In nulla repellat et aut aut. Architecto suscipit totam ut.', 0, 1, '1973-06-12 08:18:44');
INSERT INTO `messages` (`id`, `from_user_id`, `to_user_id`, `body`, `is_important`, `is_delivered`, `created_at`) VALUES (98, 98, 98, 'Est consequatur cum tempora maiores non voluptas ut illum. Voluptate eligendi ut alias reiciendis recusandae enim consequatur quo. Inventore id voluptate laboriosam sed sint veniam. Aut pariatur distinctio quod consequatur et.', 0, 1, '1995-09-10 09:30:08');
INSERT INTO `messages` (`id`, `from_user_id`, `to_user_id`, `body`, `is_important`, `is_delivered`, `created_at`) VALUES (99, 99, 99, 'Tempora unde reprehenderit quos assumenda voluptatem suscipit voluptas. Voluptatem expedita provident facere provident. Natus numquam libero sit commodi cum molestiae dolorum.', 0, 0, '2010-06-21 04:03:57');
INSERT INTO `messages` (`id`, `from_user_id`, `to_user_id`, `body`, `is_important`, `is_delivered`, `created_at`) VALUES (100, 100, 100, 'Similique delectus autem fuga nihil quasi quisquam fugit dolor. Eos quis in commodi et adipisci reprehenderit.', 1, 1, '1970-03-18 12:24:18');


#
# TABLE STRUCTURE FOR: profiles
#

DROP TABLE IF EXISTS `profiles`;

CREATE TABLE `profiles` (
  `user_id` int(10) unsigned NOT NULL,
  `sex` char(1) COLLATE utf8_unicode_ci NOT NULL,
  `birthday` date DEFAULT NULL,
  `hometown` varchar(100) COLLATE utf8_unicode_ci DEFAULT NULL,
  `photo_id` int(10) unsigned NOT NULL,
  PRIMARY KEY (`user_id`)
) ENGINE=InnoDB DEFAULT CHARSET=utf8 COLLATE=utf8_unicode_ci;

INSERT INTO `profiles` (`user_id`, `sex`, `birthday`, `hometown`, `photo_id`) VALUES (1, 'P', '1974-03-06', 'East Reaganville', 2);
INSERT INTO `profiles` (`user_id`, `sex`, `birthday`, `hometown`, `photo_id`) VALUES (2, 'M', '1991-11-11', 'Estellfort', 7);
INSERT INTO `profiles` (`user_id`, `sex`, `birthday`, `hometown`, `photo_id`) VALUES (3, 'M', '1989-10-11', 'North Antonetown', 9);
INSERT INTO `profiles` (`user_id`, `sex`, `birthday`, `hometown`, `photo_id`) VALUES (4, 'M', '2003-08-31', 'Samanthaport', 4);
INSERT INTO `profiles` (`user_id`, `sex`, `birthday`, `hometown`, `photo_id`) VALUES (5, 'D', '2006-09-04', 'Mayerchester', 6);
INSERT INTO `profiles` (`user_id`, `sex`, `birthday`, `hometown`, `photo_id`) VALUES (6, 'P', '2018-06-22', 'South Cielo', 4);
INSERT INTO `profiles` (`user_id`, `sex`, `birthday`, `hometown`, `photo_id`) VALUES (7, 'M', '2019-10-29', 'Considinestad', 8);
INSERT INTO `profiles` (`user_id`, `sex`, `birthday`, `hometown`, `photo_id`) VALUES (8, 'P', '2012-03-14', 'Ullrichborough', 4);
INSERT INTO `profiles` (`user_id`, `sex`, `birthday`, `hometown`, `photo_id`) VALUES (9, 'D', '1997-12-21', 'Xavierburgh', 5);
INSERT INTO `profiles` (`user_id`, `sex`, `birthday`, `hometown`, `photo_id`) VALUES (10, 'M', '1994-07-24', 'Kristoferstad', 7);
INSERT INTO `profiles` (`user_id`, `sex`, `birthday`, `hometown`, `photo_id`) VALUES (11, 'P', '1984-07-19', 'South Adrian', 1);
INSERT INTO `profiles` (`user_id`, `sex`, `birthday`, `hometown`, `photo_id`) VALUES (12, 'P', '2001-06-01', 'Jakobfort', 8);
INSERT INTO `profiles` (`user_id`, `sex`, `birthday`, `hometown`, `photo_id`) VALUES (13, 'M', '2002-02-03', 'Lake Clementburgh', 6);
INSERT INTO `profiles` (`user_id`, `sex`, `birthday`, `hometown`, `photo_id`) VALUES (14, 'P', '1978-06-01', 'Lake Hesterville', 4);
INSERT INTO `profiles` (`user_id`, `sex`, `birthday`, `hometown`, `photo_id`) VALUES (15, 'P', '1982-08-19', 'West Lafayetteview', 7);
INSERT INTO `profiles` (`user_id`, `sex`, `birthday`, `hometown`, `photo_id`) VALUES (16, 'D', '1996-10-16', 'South Dandreport', 1);
INSERT INTO `profiles` (`user_id`, `sex`, `birthday`, `hometown`, `photo_id`) VALUES (17, 'D', '2002-12-25', 'Margaretttown', 4);
INSERT INTO `profiles` (`user_id`, `sex`, `birthday`, `hometown`, `photo_id`) VALUES (18, 'M', '1974-02-21', 'East Randall', 3);
INSERT INTO `profiles` (`user_id`, `sex`, `birthday`, `hometown`, `photo_id`) VALUES (19, 'M', '1993-01-28', 'South Ahmed', 5);
INSERT INTO `profiles` (`user_id`, `sex`, `birthday`, `hometown`, `photo_id`) VALUES (20, 'M', '1997-08-07', 'East Morris', 9);
INSERT INTO `profiles` (`user_id`, `sex`, `birthday`, `hometown`, `photo_id`) VALUES (21, 'P', '1977-02-03', 'Lednerhaven', 9);
INSERT INTO `profiles` (`user_id`, `sex`, `birthday`, `hometown`, `photo_id`) VALUES (22, 'P', '1975-12-25', 'North Amelyview', 3);
INSERT INTO `profiles` (`user_id`, `sex`, `birthday`, `hometown`, `photo_id`) VALUES (23, 'P', '1971-06-07', 'Jakubowskifort', 8);
INSERT INTO `profiles` (`user_id`, `sex`, `birthday`, `hometown`, `photo_id`) VALUES (24, 'M', '1984-08-06', 'Lake Adriannaview', 7);
INSERT INTO `profiles` (`user_id`, `sex`, `birthday`, `hometown`, `photo_id`) VALUES (25, 'D', '1983-04-03', 'McDermottland', 1);
INSERT INTO `profiles` (`user_id`, `sex`, `birthday`, `hometown`, `photo_id`) VALUES (26, 'M', '1986-08-11', 'East Alexanderchester', 6);
INSERT INTO `profiles` (`user_id`, `sex`, `birthday`, `hometown`, `photo_id`) VALUES (27, 'M', '2019-03-30', 'Metzberg', 2);
INSERT INTO `profiles` (`user_id`, `sex`, `birthday`, `hometown`, `photo_id`) VALUES (28, 'P', '1970-06-17', 'Nolanview', 7);
INSERT INTO `profiles` (`user_id`, `sex`, `birthday`, `hometown`, `photo_id`) VALUES (29, 'P', '1986-02-14', 'Edmondmouth', 5);
INSERT INTO `profiles` (`user_id`, `sex`, `birthday`, `hometown`, `photo_id`) VALUES (30, 'D', '1993-05-04', 'Joelton', 7);
INSERT INTO `profiles` (`user_id`, `sex`, `birthday`, `hometown`, `photo_id`) VALUES (31, 'M', '2010-04-05', 'East Vesta', 7);
INSERT INTO `profiles` (`user_id`, `sex`, `birthday`, `hometown`, `photo_id`) VALUES (32, 'M', '1971-04-13', 'East Antonetta', 6);
INSERT INTO `profiles` (`user_id`, `sex`, `birthday`, `hometown`, `photo_id`) VALUES (33, 'D', '1985-07-20', 'North Marta', 3);
INSERT INTO `profiles` (`user_id`, `sex`, `birthday`, `hometown`, `photo_id`) VALUES (34, 'M', '1990-06-28', 'Kilbackland', 5);
INSERT INTO `profiles` (`user_id`, `sex`, `birthday`, `hometown`, `photo_id`) VALUES (35, 'M', '1988-02-05', 'Malvinashire', 4);
INSERT INTO `profiles` (`user_id`, `sex`, `birthday`, `hometown`, `photo_id`) VALUES (36, 'M', '2017-05-01', 'Cotyton', 2);
INSERT INTO `profiles` (`user_id`, `sex`, `birthday`, `hometown`, `photo_id`) VALUES (37, 'M', '2011-03-25', 'West Darren', 1);
INSERT INTO `profiles` (`user_id`, `sex`, `birthday`, `hometown`, `photo_id`) VALUES (38, 'M', '1987-10-10', 'Isabellemouth', 9);
INSERT INTO `profiles` (`user_id`, `sex`, `birthday`, `hometown`, `photo_id`) VALUES (39, 'M', '2000-08-08', 'West Glenna', 7);
INSERT INTO `profiles` (`user_id`, `sex`, `birthday`, `hometown`, `photo_id`) VALUES (40, 'M', '1976-04-06', 'O\'Connerport', 4);
INSERT INTO `profiles` (`user_id`, `sex`, `birthday`, `hometown`, `photo_id`) VALUES (41, 'P', '1976-09-28', 'West Malcolm', 5);
INSERT INTO `profiles` (`user_id`, `sex`, `birthday`, `hometown`, `photo_id`) VALUES (42, 'P', '1970-10-16', 'Adrienmouth', 8);
INSERT INTO `profiles` (`user_id`, `sex`, `birthday`, `hometown`, `photo_id`) VALUES (43, 'D', '1978-11-08', 'South Wileyfort', 6);
INSERT INTO `profiles` (`user_id`, `sex`, `birthday`, `hometown`, `photo_id`) VALUES (44, 'D', '1998-07-11', 'East Connieton', 7);
INSERT INTO `profiles` (`user_id`, `sex`, `birthday`, `hometown`, `photo_id`) VALUES (45, 'P', '2005-02-06', 'West Leslyfurt', 6);
INSERT INTO `profiles` (`user_id`, `sex`, `birthday`, `hometown`, `photo_id`) VALUES (46, 'P', '1976-02-16', 'Kianshire', 7);
INSERT INTO `profiles` (`user_id`, `sex`, `birthday`, `hometown`, `photo_id`) VALUES (47, 'D', '1984-12-25', 'Alisonport', 3);
INSERT INTO `profiles` (`user_id`, `sex`, `birthday`, `hometown`, `photo_id`) VALUES (48, 'M', '2001-07-08', 'Turnerland', 1);
INSERT INTO `profiles` (`user_id`, `sex`, `birthday`, `hometown`, `photo_id`) VALUES (49, 'P', '1993-05-19', 'South Carissa', 5);
INSERT INTO `profiles` (`user_id`, `sex`, `birthday`, `hometown`, `photo_id`) VALUES (50, 'D', '1974-04-09', 'Lake Hadley', 1);
INSERT INTO `profiles` (`user_id`, `sex`, `birthday`, `hometown`, `photo_id`) VALUES (51, 'D', '2000-04-19', 'South Blazemouth', 5);
INSERT INTO `profiles` (`user_id`, `sex`, `birthday`, `hometown`, `photo_id`) VALUES (52, 'M', '1995-07-06', 'Okunevaside', 7);
INSERT INTO `profiles` (`user_id`, `sex`, `birthday`, `hometown`, `photo_id`) VALUES (53, 'M', '2014-03-01', 'Walterton', 2);
INSERT INTO `profiles` (`user_id`, `sex`, `birthday`, `hometown`, `photo_id`) VALUES (54, 'P', '1988-12-12', 'Hoegerfort', 3);
INSERT INTO `profiles` (`user_id`, `sex`, `birthday`, `hometown`, `photo_id`) VALUES (55, 'M', '1982-04-21', 'Zemlakstad', 6);
INSERT INTO `profiles` (`user_id`, `sex`, `birthday`, `hometown`, `photo_id`) VALUES (56, 'D', '2018-09-10', 'Hipolitoview', 9);
INSERT INTO `profiles` (`user_id`, `sex`, `birthday`, `hometown`, `photo_id`) VALUES (57, 'P', '2006-06-29', 'Port Cecelia', 4);
INSERT INTO `profiles` (`user_id`, `sex`, `birthday`, `hometown`, `photo_id`) VALUES (58, 'D', '1991-02-03', 'Auerstad', 7);
INSERT INTO `profiles` (`user_id`, `sex`, `birthday`, `hometown`, `photo_id`) VALUES (59, 'D', '2016-01-01', 'South Makayla', 1);
INSERT INTO `profiles` (`user_id`, `sex`, `birthday`, `hometown`, `photo_id`) VALUES (60, 'M', '1980-06-24', 'East Brando', 7);
INSERT INTO `profiles` (`user_id`, `sex`, `birthday`, `hometown`, `photo_id`) VALUES (61, 'P', '2011-09-08', 'Pasqualebury', 2);
INSERT INTO `profiles` (`user_id`, `sex`, `birthday`, `hometown`, `photo_id`) VALUES (62, 'P', '1980-07-13', 'Rennerton', 5);
INSERT INTO `profiles` (`user_id`, `sex`, `birthday`, `hometown`, `photo_id`) VALUES (63, 'D', '2009-08-30', 'Noeliaside', 4);
INSERT INTO `profiles` (`user_id`, `sex`, `birthday`, `hometown`, `photo_id`) VALUES (64, 'M', '1985-07-05', 'West Margret', 9);
INSERT INTO `profiles` (`user_id`, `sex`, `birthday`, `hometown`, `photo_id`) VALUES (65, 'M', '1989-04-15', 'South Wendystad', 3);
INSERT INTO `profiles` (`user_id`, `sex`, `birthday`, `hometown`, `photo_id`) VALUES (66, 'P', '1983-11-02', 'North Mckenzieville', 6);
INSERT INTO `profiles` (`user_id`, `sex`, `birthday`, `hometown`, `photo_id`) VALUES (67, 'P', '2009-04-24', 'Eleanoramouth', 3);
INSERT INTO `profiles` (`user_id`, `sex`, `birthday`, `hometown`, `photo_id`) VALUES (68, 'D', '1995-12-02', 'Nicolasfort', 9);
INSERT INTO `profiles` (`user_id`, `sex`, `birthday`, `hometown`, `photo_id`) VALUES (69, 'D', '2009-12-20', 'Boyerberg', 5);
INSERT INTO `profiles` (`user_id`, `sex`, `birthday`, `hometown`, `photo_id`) VALUES (70, 'D', '1984-11-09', 'Cronafort', 3);
INSERT INTO `profiles` (`user_id`, `sex`, `birthday`, `hometown`, `photo_id`) VALUES (71, 'P', '1993-03-28', 'East Lorenzland', 9);
INSERT INTO `profiles` (`user_id`, `sex`, `birthday`, `hometown`, `photo_id`) VALUES (72, 'P', '1973-09-28', 'North Savanna', 7);
INSERT INTO `profiles` (`user_id`, `sex`, `birthday`, `hometown`, `photo_id`) VALUES (73, 'P', '1985-06-23', 'North Chaunceytown', 5);
INSERT INTO `profiles` (`user_id`, `sex`, `birthday`, `hometown`, `photo_id`) VALUES (74, 'D', '1989-07-04', 'North Kory', 2);
INSERT INTO `profiles` (`user_id`, `sex`, `birthday`, `hometown`, `photo_id`) VALUES (75, 'P', '1999-05-21', 'Kohlerview', 6);
INSERT INTO `profiles` (`user_id`, `sex`, `birthday`, `hometown`, `photo_id`) VALUES (76, 'D', '2019-03-17', 'Hodkiewiczborough', 1);
INSERT INTO `profiles` (`user_id`, `sex`, `birthday`, `hometown`, `photo_id`) VALUES (77, 'P', '2015-07-28', 'South Gisselle', 6);
INSERT INTO `profiles` (`user_id`, `sex`, `birthday`, `hometown`, `photo_id`) VALUES (78, 'D', '2019-10-26', 'Oswaldberg', 9);
INSERT INTO `profiles` (`user_id`, `sex`, `birthday`, `hometown`, `photo_id`) VALUES (79, 'M', '1982-11-06', 'Ernserfort', 2);
INSERT INTO `profiles` (`user_id`, `sex`, `birthday`, `hometown`, `photo_id`) VALUES (80, 'D', '1982-10-09', 'New Kylestad', 5);
INSERT INTO `profiles` (`user_id`, `sex`, `birthday`, `hometown`, `photo_id`) VALUES (81, 'M', '2018-08-17', 'Monahanton', 6);
INSERT INTO `profiles` (`user_id`, `sex`, `birthday`, `hometown`, `photo_id`) VALUES (82, 'P', '1982-12-19', 'Cruickshankmouth', 5);
INSERT INTO `profiles` (`user_id`, `sex`, `birthday`, `hometown`, `photo_id`) VALUES (83, 'D', '1993-02-10', 'Mckenzieside', 7);
INSERT INTO `profiles` (`user_id`, `sex`, `birthday`, `hometown`, `photo_id`) VALUES (84, 'M', '2000-04-09', 'Koeppberg', 9);
INSERT INTO `profiles` (`user_id`, `sex`, `birthday`, `hometown`, `photo_id`) VALUES (85, 'P', '1979-01-22', 'East Noblechester', 9);
INSERT INTO `profiles` (`user_id`, `sex`, `birthday`, `hometown`, `photo_id`) VALUES (86, 'M', '1993-05-15', 'South Jaron', 3);
INSERT INTO `profiles` (`user_id`, `sex`, `birthday`, `hometown`, `photo_id`) VALUES (87, 'M', '2018-09-05', 'Welchfurt', 5);
INSERT INTO `profiles` (`user_id`, `sex`, `birthday`, `hometown`, `photo_id`) VALUES (88, 'M', '2002-06-25', 'New Othoborough', 7);
INSERT INTO `profiles` (`user_id`, `sex`, `birthday`, `hometown`, `photo_id`) VALUES (89, 'M', '1993-05-10', 'Torreyfurt', 8);
INSERT INTO `profiles` (`user_id`, `sex`, `birthday`, `hometown`, `photo_id`) VALUES (90, 'P', '2011-08-28', 'Port Shannyfurt', 8);
INSERT INTO `profiles` (`user_id`, `sex`, `birthday`, `hometown`, `photo_id`) VALUES (91, 'M', '1971-10-13', 'Mayermouth', 2);
INSERT INTO `profiles` (`user_id`, `sex`, `birthday`, `hometown`, `photo_id`) VALUES (92, 'P', '1984-04-03', 'West Vilmaport', 8);
INSERT INTO `profiles` (`user_id`, `sex`, `birthday`, `hometown`, `photo_id`) VALUES (93, 'D', '1978-10-01', 'Linwoodfurt', 3);
INSERT INTO `profiles` (`user_id`, `sex`, `birthday`, `hometown`, `photo_id`) VALUES (94, 'M', '1981-12-04', 'New Vito', 4);
INSERT INTO `profiles` (`user_id`, `sex`, `birthday`, `hometown`, `photo_id`) VALUES (95, 'P', '2008-05-27', 'Franzborough', 7);
INSERT INTO `profiles` (`user_id`, `sex`, `birthday`, `hometown`, `photo_id`) VALUES (96, 'P', '2005-08-14', 'North Kendrashire', 7);
INSERT INTO `profiles` (`user_id`, `sex`, `birthday`, `hometown`, `photo_id`) VALUES (97, 'M', '1977-08-16', 'Margarettborough', 2);
INSERT INTO `profiles` (`user_id`, `sex`, `birthday`, `hometown`, `photo_id`) VALUES (98, 'D', '2011-09-09', 'New Alfreda', 2);
INSERT INTO `profiles` (`user_id`, `sex`, `birthday`, `hometown`, `photo_id`) VALUES (99, 'M', '2011-04-07', 'Arnoldshire', 6);
INSERT INTO `profiles` (`user_id`, `sex`, `birthday`, `hometown`, `photo_id`) VALUES (100, 'M', '1988-01-10', 'East Shana', 5);


#
# TABLE STRUCTURE FOR: users
#

DROP TABLE IF EXISTS `users`;

CREATE TABLE `users` (
  `id` int(10) unsigned NOT NULL AUTO_INCREMENT,
  `first_name` varchar(100) COLLATE utf8_unicode_ci NOT NULL,
  `last_name` varchar(100) COLLATE utf8_unicode_ci NOT NULL,
  `email` varchar(120) COLLATE utf8_unicode_ci NOT NULL,
  `phone` varchar(120) COLLATE utf8_unicode_ci NOT NULL,
  `created_at` datetime DEFAULT current_timestamp(),
  `updated_at` datetime DEFAULT current_timestamp() ON UPDATE current_timestamp(),
  PRIMARY KEY (`id`),
  UNIQUE KEY `email` (`email`),
  UNIQUE KEY `phone` (`phone`)
) ENGINE=InnoDB AUTO_INCREMENT=101 DEFAULT CHARSET=utf8 COLLATE=utf8_unicode_ci;

INSERT INTO `users` (`id`, `first_name`, `last_name`, `email`, `phone`, `created_at`, `updated_at`) VALUES (1, 'Otto', 'Dicki', 'jerald.auer@example.com', '+94(7)0453905195', '2009-03-08 02:15:53', '1994-12-03 12:18:10');
INSERT INTO `users` (`id`, `first_name`, `last_name`, `email`, `phone`, `created_at`, `updated_at`) VALUES (2, 'Ransom', 'Schmitt', 'deion.pfeffer@example.org', '01453649109', '2018-06-11 02:17:48', '1990-03-12 06:38:15');
INSERT INTO `users` (`id`, `first_name`, `last_name`, `email`, `phone`, `created_at`, `updated_at`) VALUES (3, 'Bertrand', 'Senger', 'hayes.winnifred@example.net', '901.798.6797', '1974-08-19 10:37:58', '1972-01-02 19:35:17');
INSERT INTO `users` (`id`, `first_name`, `last_name`, `email`, `phone`, `created_at`, `updated_at`) VALUES (4, 'Baby', 'Rosenbaum', 'ayundt@example.com', '(645)538-8740x38845', '1981-06-23 06:09:59', '1988-06-25 15:40:41');
INSERT INTO `users` (`id`, `first_name`, `last_name`, `email`, `phone`, `created_at`, `updated_at`) VALUES (5, 'Hailee', 'Schimmel', 'damian66@example.com', '581-238-4444x394', '2003-06-15 19:11:22', '2007-01-29 10:16:15');
INSERT INTO `users` (`id`, `first_name`, `last_name`, `email`, `phone`, `created_at`, `updated_at`) VALUES (6, 'Delia', 'Wolf', 'garry59@example.com', '437.239.7219x20035', '1994-04-03 12:11:55', '1989-07-17 16:39:16');
INSERT INTO `users` (`id`, `first_name`, `last_name`, `email`, `phone`, `created_at`, `updated_at`) VALUES (7, 'Brielle', 'Fadel', 'skylar93@example.org', '096.683.5158x862', '1998-06-29 11:21:55', '1999-07-24 20:52:24');
INSERT INTO `users` (`id`, `first_name`, `last_name`, `email`, `phone`, `created_at`, `updated_at`) VALUES (8, 'Kody', 'Lockman', 'hgrimes@example.com', '1-894-689-7222', '1990-09-18 15:23:12', '2002-03-16 07:31:36');
INSERT INTO `users` (`id`, `first_name`, `last_name`, `email`, `phone`, `created_at`, `updated_at`) VALUES (9, 'Scot', 'Metz', 'croob@example.org', '404-250-5826', '1976-02-17 07:29:47', '2006-01-29 06:34:05');
INSERT INTO `users` (`id`, `first_name`, `last_name`, `email`, `phone`, `created_at`, `updated_at`) VALUES (10, 'Shea', 'Thompson', 'durgan.shawn@example.net', '1-615-711-3396', '1995-05-09 22:02:13', '1975-01-08 10:38:10');
INSERT INTO `users` (`id`, `first_name`, `last_name`, `email`, `phone`, `created_at`, `updated_at`) VALUES (11, 'Emmanuelle', 'Feil', 'coralie.johnson@example.org', '274-067-5279x46559', '1991-11-25 14:30:30', '1973-06-20 17:16:33');
INSERT INTO `users` (`id`, `first_name`, `last_name`, `email`, `phone`, `created_at`, `updated_at`) VALUES (12, 'Tatum', 'Wunsch', 'howe.loyal@example.net', '266-281-9286', '1970-11-12 19:50:52', '1985-01-25 08:02:13');
INSERT INTO `users` (`id`, `first_name`, `last_name`, `email`, `phone`, `created_at`, `updated_at`) VALUES (13, 'Amber', 'Schroeder', 'jalon72@example.net', '(122)415-4569', '2004-10-19 21:35:06', '1999-09-30 04:38:39');
INSERT INTO `users` (`id`, `first_name`, `last_name`, `email`, `phone`, `created_at`, `updated_at`) VALUES (14, 'Arianna', 'Hammes', 'sheaney@example.org', '820.268.3333', '1988-06-10 06:16:36', '2010-01-10 15:36:45');
INSERT INTO `users` (`id`, `first_name`, `last_name`, `email`, `phone`, `created_at`, `updated_at`) VALUES (15, 'Hailey', 'Towne', 'julia.wiza@example.org', '401-984-3216x4158', '1981-04-07 00:40:08', '1993-03-24 00:08:24');
INSERT INTO `users` (`id`, `first_name`, `last_name`, `email`, `phone`, `created_at`, `updated_at`) VALUES (16, 'Brittany', 'Kling', 'constantin.kirlin@example.com', '925-071-6638x6635', '2019-02-21 17:03:07', '2000-02-23 16:05:28');
INSERT INTO `users` (`id`, `first_name`, `last_name`, `email`, `phone`, `created_at`, `updated_at`) VALUES (17, 'Damian', 'Crooks', 'reichel.fiona@example.org', '(084)210-3678x7094', '1975-01-31 04:02:40', '2005-07-07 11:07:11');
INSERT INTO `users` (`id`, `first_name`, `last_name`, `email`, `phone`, `created_at`, `updated_at`) VALUES (18, 'Cara', 'Kub', 'aufderhar.gus@example.org', '373.987.1485', '2001-01-15 22:54:31', '1975-11-02 02:47:01');
INSERT INTO `users` (`id`, `first_name`, `last_name`, `email`, `phone`, `created_at`, `updated_at`) VALUES (19, 'Okey', 'Bernier', 'hulda.willms@example.com', '1-664-698-6441x4946', '1995-01-17 20:15:12', '2004-06-21 15:45:37');
INSERT INTO `users` (`id`, `first_name`, `last_name`, `email`, `phone`, `created_at`, `updated_at`) VALUES (20, 'Amalia', 'Runte', 'qhilpert@example.com', '603.753.2244x3034', '2000-10-02 23:48:07', '2000-09-19 22:25:16');
INSERT INTO `users` (`id`, `first_name`, `last_name`, `email`, `phone`, `created_at`, `updated_at`) VALUES (21, 'Emmie', 'Wyman', 'eloy.simonis@example.net', '441.588.6570x84534', '1994-12-03 12:51:02', '1990-12-22 08:56:56');
INSERT INTO `users` (`id`, `first_name`, `last_name`, `email`, `phone`, `created_at`, `updated_at`) VALUES (22, 'Presley', 'Haley', 'hartmann.deshaun@example.com', '(976)425-4744x355', '1979-01-19 12:06:35', '2016-12-01 04:51:36');
INSERT INTO `users` (`id`, `first_name`, `last_name`, `email`, `phone`, `created_at`, `updated_at`) VALUES (23, 'Tamia', 'Watsica', 'linnea75@example.org', '415-022-4330', '2017-09-14 02:29:41', '2012-01-26 00:40:20');
INSERT INTO `users` (`id`, `first_name`, `last_name`, `email`, `phone`, `created_at`, `updated_at`) VALUES (24, 'Chaz', 'Waters', 'morissette.concepcion@example.net', '1-148-900-1181', '2017-02-13 05:41:25', '1986-01-02 21:41:21');
INSERT INTO `users` (`id`, `first_name`, `last_name`, `email`, `phone`, `created_at`, `updated_at`) VALUES (25, 'Noble', 'Macejkovic', 'ehammes@example.com', '00702734602', '1996-12-28 08:22:23', '2013-08-08 21:32:17');
INSERT INTO `users` (`id`, `first_name`, `last_name`, `email`, `phone`, `created_at`, `updated_at`) VALUES (26, 'Salma', 'Mayert', 'pedro.huels@example.org', '1-105-823-3989x348', '1982-09-21 12:58:28', '2004-12-25 10:35:26');
INSERT INTO `users` (`id`, `first_name`, `last_name`, `email`, `phone`, `created_at`, `updated_at`) VALUES (27, 'Mary', 'Wolf', 'ramiro78@example.net', '784.713.2300x4309', '1989-11-18 03:16:30', '1986-12-05 04:16:42');
INSERT INTO `users` (`id`, `first_name`, `last_name`, `email`, `phone`, `created_at`, `updated_at`) VALUES (28, 'Elna', 'Pfannerstill', 'connor36@example.org', '1-256-591-7071x9016', '1982-04-24 17:35:35', '1992-12-16 01:17:26');
INSERT INTO `users` (`id`, `first_name`, `last_name`, `email`, `phone`, `created_at`, `updated_at`) VALUES (29, 'Alicia', 'Wehner', 'nina.prosacco@example.net', '+13(9)6089521845', '1986-02-07 19:14:01', '1992-11-24 13:21:53');
INSERT INTO `users` (`id`, `first_name`, `last_name`, `email`, `phone`, `created_at`, `updated_at`) VALUES (30, 'Amparo', 'Auer', 'blake.orn@example.org', '+28(2)3346872631', '2002-05-15 10:58:36', '2011-06-14 12:48:21');
INSERT INTO `users` (`id`, `first_name`, `last_name`, `email`, `phone`, `created_at`, `updated_at`) VALUES (31, 'Rebekah', 'Goodwin', 'kennith29@example.net', '(771)640-4060x213', '1987-02-05 20:21:40', '1981-05-26 00:30:29');
INSERT INTO `users` (`id`, `first_name`, `last_name`, `email`, `phone`, `created_at`, `updated_at`) VALUES (32, 'Enrico', 'Jerde', 'vmcdermott@example.org', '(402)450-3931', '2001-04-06 05:42:24', '1982-06-16 13:25:38');
INSERT INTO `users` (`id`, `first_name`, `last_name`, `email`, `phone`, `created_at`, `updated_at`) VALUES (33, 'Polly', 'Harber', 'armstrong.constance@example.net', '1-966-791-4751', '1976-08-01 19:42:50', '1986-02-16 12:10:01');
INSERT INTO `users` (`id`, `first_name`, `last_name`, `email`, `phone`, `created_at`, `updated_at`) VALUES (34, 'Nathanial', 'Bednar', 'so\'hara@example.org', '(510)312-9464', '1980-01-26 07:26:02', '2018-08-31 12:37:24');
INSERT INTO `users` (`id`, `first_name`, `last_name`, `email`, `phone`, `created_at`, `updated_at`) VALUES (35, 'Zachary', 'Walter', 'cmaggio@example.org', '206.939.9139x7647', '1995-01-25 12:40:40', '1997-12-02 21:06:01');
INSERT INTO `users` (`id`, `first_name`, `last_name`, `email`, `phone`, `created_at`, `updated_at`) VALUES (36, 'Fredy', 'Abbott', 'schoen.bernardo@example.org', '976.081.1924x728', '1974-01-10 16:15:43', '2011-12-01 07:51:33');
INSERT INTO `users` (`id`, `first_name`, `last_name`, `email`, `phone`, `created_at`, `updated_at`) VALUES (37, 'Kali', 'Pouros', 'forest.jacobson@example.net', '964.123.7561x2006', '1983-08-22 05:59:07', '2017-05-11 14:32:07');
INSERT INTO `users` (`id`, `first_name`, `last_name`, `email`, `phone`, `created_at`, `updated_at`) VALUES (38, 'Sean', 'Labadie', 'elliott52@example.com', '1-892-313-8153', '1985-07-31 20:50:31', '2011-05-24 23:36:31');
INSERT INTO `users` (`id`, `first_name`, `last_name`, `email`, `phone`, `created_at`, `updated_at`) VALUES (39, 'Beatrice', 'Waelchi', 'modesta23@example.com', '(288)788-8474x11472', '1982-08-03 19:25:11', '1989-12-18 07:09:01');
INSERT INTO `users` (`id`, `first_name`, `last_name`, `email`, `phone`, `created_at`, `updated_at`) VALUES (40, 'Travis', 'Anderson', 'michael.quitzon@example.org', '217-670-0142', '1971-01-28 10:56:51', '1983-09-24 11:27:01');
INSERT INTO `users` (`id`, `first_name`, `last_name`, `email`, `phone`, `created_at`, `updated_at`) VALUES (41, 'Emmanuelle', 'Renner', 'jacinto.huel@example.org', '072.549.9528', '2005-12-31 14:25:18', '2008-10-05 03:46:49');
INSERT INTO `users` (`id`, `first_name`, `last_name`, `email`, `phone`, `created_at`, `updated_at`) VALUES (42, 'Juston', 'Hyatt', 'huels.geraldine@example.net', '1-457-635-9530x5524', '1981-06-27 02:06:34', '2005-01-25 09:39:29');
INSERT INTO `users` (`id`, `first_name`, `last_name`, `email`, `phone`, `created_at`, `updated_at`) VALUES (43, 'Winnifred', 'Gerlach', 'erdman.harmony@example.com', '246-372-8873', '1991-08-10 22:33:58', '1985-11-18 09:03:57');
INSERT INTO `users` (`id`, `first_name`, `last_name`, `email`, `phone`, `created_at`, `updated_at`) VALUES (44, 'Octavia', 'Greenholt', 'kub.tyler@example.net', '(149)920-6255', '2010-10-26 01:53:39', '1973-04-05 23:07:39');
INSERT INTO `users` (`id`, `first_name`, `last_name`, `email`, `phone`, `created_at`, `updated_at`) VALUES (45, 'Dewayne', 'Sawayn', 'stehr.solon@example.org', '00057121282', '1972-10-03 02:33:55', '1971-05-20 09:04:31');
INSERT INTO `users` (`id`, `first_name`, `last_name`, `email`, `phone`, `created_at`, `updated_at`) VALUES (46, 'Arlene', 'Hahn', 'ybecker@example.org', '012-803-4803x8266', '1991-07-04 02:23:55', '1977-06-03 18:05:42');
INSERT INTO `users` (`id`, `first_name`, `last_name`, `email`, `phone`, `created_at`, `updated_at`) VALUES (47, 'Kamron', 'Marks', 'marlin67@example.com', '(075)202-6249', '1995-09-24 06:29:14', '2011-01-21 23:10:18');
INSERT INTO `users` (`id`, `first_name`, `last_name`, `email`, `phone`, `created_at`, `updated_at`) VALUES (48, 'Lowell', 'Hamill', 'hartmann.quinten@example.net', '285.849.3896x88523', '2003-02-16 20:58:28', '1980-03-23 07:42:15');
INSERT INTO `users` (`id`, `first_name`, `last_name`, `email`, `phone`, `created_at`, `updated_at`) VALUES (49, 'Reinhold', 'Romaguera', 'tromp.madisen@example.net', '013.931.2063x177', '2010-08-30 14:25:33', '2000-09-26 08:55:11');
INSERT INTO `users` (`id`, `first_name`, `last_name`, `email`, `phone`, `created_at`, `updated_at`) VALUES (50, 'Sarah', 'Bauch', 'sfunk@example.com', '891-410-2112x97026', '2016-05-25 12:46:23', '2008-01-05 17:04:32');
INSERT INTO `users` (`id`, `first_name`, `last_name`, `email`, `phone`, `created_at`, `updated_at`) VALUES (51, 'Gordon', 'Ward', 'jamey.terry@example.org', '983.466.5168x4980', '1990-10-28 15:51:57', '1992-10-06 10:02:10');
INSERT INTO `users` (`id`, `first_name`, `last_name`, `email`, `phone`, `created_at`, `updated_at`) VALUES (52, 'Lenore', 'Torp', 'zakary27@example.net', '+50(9)5622455728', '2016-09-27 04:19:16', '1999-06-16 15:39:59');
INSERT INTO `users` (`id`, `first_name`, `last_name`, `email`, `phone`, `created_at`, `updated_at`) VALUES (53, 'Lane', 'Heidenreich', 'amani.casper@example.org', '720-328-7208x5195', '1976-06-27 18:41:49', '2012-01-07 17:25:41');
INSERT INTO `users` (`id`, `first_name`, `last_name`, `email`, `phone`, `created_at`, `updated_at`) VALUES (54, 'Alexis', 'D\'Amore', 'arely.schuster@example.net', '+96(9)7585319606', '1979-05-29 16:10:21', '2010-06-27 07:52:24');
INSERT INTO `users` (`id`, `first_name`, `last_name`, `email`, `phone`, `created_at`, `updated_at`) VALUES (55, 'Wiley', 'Muller', 'vivienne.jast@example.com', '+88(2)5598442002', '1984-03-14 02:13:53', '1985-02-19 02:59:24');
INSERT INTO `users` (`id`, `first_name`, `last_name`, `email`, `phone`, `created_at`, `updated_at`) VALUES (56, 'Malcolm', 'Roberts', 'metz.madisen@example.org', '481.304.5661', '2011-02-14 00:14:21', '2000-01-05 19:58:37');
INSERT INTO `users` (`id`, `first_name`, `last_name`, `email`, `phone`, `created_at`, `updated_at`) VALUES (57, 'Karson', 'Shanahan', 'osvaldo.baumbach@example.com', '1-122-790-6887', '2015-03-21 17:45:26', '2010-10-13 22:41:38');
INSERT INTO `users` (`id`, `first_name`, `last_name`, `email`, `phone`, `created_at`, `updated_at`) VALUES (58, 'Mossie', 'Miller', 'jmacejkovic@example.net', '(980)338-2026x68938', '2000-11-16 00:10:47', '1993-07-24 08:23:07');
INSERT INTO `users` (`id`, `first_name`, `last_name`, `email`, `phone`, `created_at`, `updated_at`) VALUES (59, 'Kiel', 'Kassulke', 'omedhurst@example.org', '09401091118', '1980-04-27 03:28:08', '2012-03-09 08:00:20');
INSERT INTO `users` (`id`, `first_name`, `last_name`, `email`, `phone`, `created_at`, `updated_at`) VALUES (60, 'Ayden', 'Lang', 'maida.robel@example.org', '+98(6)7667268439', '1981-04-17 09:38:29', '1990-10-12 16:15:42');
INSERT INTO `users` (`id`, `first_name`, `last_name`, `email`, `phone`, `created_at`, `updated_at`) VALUES (61, 'Jovan', 'Moen', 'gottlieb.jaycee@example.com', '01881763604', '1999-07-28 14:56:46', '2015-08-20 00:23:44');
INSERT INTO `users` (`id`, `first_name`, `last_name`, `email`, `phone`, `created_at`, `updated_at`) VALUES (62, 'Ervin', 'Ledner', 'irma.kuhic@example.net', '(952)760-4733x478', '1986-09-11 12:24:11', '2003-10-08 06:56:16');
INSERT INTO `users` (`id`, `first_name`, `last_name`, `email`, `phone`, `created_at`, `updated_at`) VALUES (63, 'Elisabeth', 'Abbott', 'wehner.jonathon@example.com', '493-211-8470x09217', '1992-12-01 05:12:51', '1997-06-13 17:30:40');
INSERT INTO `users` (`id`, `first_name`, `last_name`, `email`, `phone`, `created_at`, `updated_at`) VALUES (64, 'Kayleigh', 'Friesen', 'lmckenzie@example.net', '(692)950-2472', '1981-04-25 13:49:12', '1975-02-22 06:40:02');
INSERT INTO `users` (`id`, `first_name`, `last_name`, `email`, `phone`, `created_at`, `updated_at`) VALUES (65, 'Ana', 'Beier', 'gwilkinson@example.org', '093.884.8815', '1981-08-19 22:49:41', '2003-12-08 04:00:16');
INSERT INTO `users` (`id`, `first_name`, `last_name`, `email`, `phone`, `created_at`, `updated_at`) VALUES (66, 'Pink', 'Dickens', 'charles88@example.net', '638.770.3273', '1989-10-18 16:52:57', '1973-06-25 09:24:56');
INSERT INTO `users` (`id`, `first_name`, `last_name`, `email`, `phone`, `created_at`, `updated_at`) VALUES (67, 'Andreanne', 'Kuvalis', 'lowell.walsh@example.net', '(245)381-7563', '1995-06-06 08:44:22', '1997-02-12 11:31:06');
INSERT INTO `users` (`id`, `first_name`, `last_name`, `email`, `phone`, `created_at`, `updated_at`) VALUES (68, 'Gregg', 'Bradtke', 'wboehm@example.net', '732-298-1862', '1982-10-04 15:26:48', '2004-06-19 10:47:47');
INSERT INTO `users` (`id`, `first_name`, `last_name`, `email`, `phone`, `created_at`, `updated_at`) VALUES (69, 'Ethelyn', 'Weissnat', 'graham.aaron@example.net', '04559627749', '2019-08-02 07:26:55', '1998-05-31 15:36:04');
INSERT INTO `users` (`id`, `first_name`, `last_name`, `email`, `phone`, `created_at`, `updated_at`) VALUES (70, 'Jess', 'Hand', 'orn.angelita@example.net', '623-664-7811x33696', '2017-07-23 17:51:12', '2003-12-29 03:20:58');
INSERT INTO `users` (`id`, `first_name`, `last_name`, `email`, `phone`, `created_at`, `updated_at`) VALUES (71, 'Elwin', 'Grady', 'kennedy.walter@example.org', '(927)082-6149x56781', '2009-09-24 04:15:40', '2010-07-30 08:25:20');
INSERT INTO `users` (`id`, `first_name`, `last_name`, `email`, `phone`, `created_at`, `updated_at`) VALUES (72, 'Lawrence', 'Keeling', 'mann.natalia@example.net', '537.946.7148x77686', '2019-04-19 13:39:27', '1984-12-02 06:35:25');
INSERT INTO `users` (`id`, `first_name`, `last_name`, `email`, `phone`, `created_at`, `updated_at`) VALUES (73, 'Emma', 'O\'Kon', 'cruickshank.freeda@example.com', '508-396-1089', '1998-09-14 15:22:46', '2012-04-22 01:33:18');
INSERT INTO `users` (`id`, `first_name`, `last_name`, `email`, `phone`, `created_at`, `updated_at`) VALUES (74, 'Chadrick', 'Armstrong', 'epacocha@example.com', '419.463.6168x1238', '1976-10-17 00:12:24', '1971-02-28 07:02:55');
INSERT INTO `users` (`id`, `first_name`, `last_name`, `email`, `phone`, `created_at`, `updated_at`) VALUES (75, 'Nick', 'Bins', 'clind@example.com', '(509)325-8427x0315', '2016-02-20 10:42:59', '2019-06-06 17:06:08');
INSERT INTO `users` (`id`, `first_name`, `last_name`, `email`, `phone`, `created_at`, `updated_at`) VALUES (76, 'Oren', 'Buckridge', 'wbrakus@example.com', '1-330-283-5785', '1974-06-12 00:11:03', '1982-12-25 14:55:59');
INSERT INTO `users` (`id`, `first_name`, `last_name`, `email`, `phone`, `created_at`, `updated_at`) VALUES (77, 'Allison', 'Pagac', 'pasquale.emard@example.net', '954.428.9803x142', '1975-08-18 23:35:04', '1991-04-26 07:21:01');
INSERT INTO `users` (`id`, `first_name`, `last_name`, `email`, `phone`, `created_at`, `updated_at`) VALUES (78, 'Arno', 'Heidenreich', 'mertz.teagan@example.net', '946-979-7351x97891', '2011-09-08 06:47:53', '1991-06-21 11:32:48');
INSERT INTO `users` (`id`, `first_name`, `last_name`, `email`, `phone`, `created_at`, `updated_at`) VALUES (79, 'Christelle', 'Corwin', 'johnson.elise@example.net', '1-225-568-7306', '1988-12-31 19:57:11', '1973-11-25 13:18:20');
INSERT INTO `users` (`id`, `first_name`, `last_name`, `email`, `phone`, `created_at`, `updated_at`) VALUES (80, 'Deshaun', 'Denesik', 'priscilla.torphy@example.com', '637-271-5954', '1999-02-11 14:36:07', '2018-11-10 16:01:57');
INSERT INTO `users` (`id`, `first_name`, `last_name`, `email`, `phone`, `created_at`, `updated_at`) VALUES (81, 'Jo', 'Hoeger', 'farrell.jerod@example.net', '+82(4)3508765404', '2015-06-10 12:26:07', '1976-05-06 16:11:15');
INSERT INTO `users` (`id`, `first_name`, `last_name`, `email`, `phone`, `created_at`, `updated_at`) VALUES (82, 'River', 'Pfeffer', 'emmanuel33@example.com', '02423146971', '2014-09-27 07:21:02', '1984-10-11 15:30:07');
INSERT INTO `users` (`id`, `first_name`, `last_name`, `email`, `phone`, `created_at`, `updated_at`) VALUES (83, 'Kathryn', 'Abbott', 'tpfeffer@example.net', '1-625-327-5820', '1985-04-21 05:55:34', '2017-10-16 17:00:46');
INSERT INTO `users` (`id`, `first_name`, `last_name`, `email`, `phone`, `created_at`, `updated_at`) VALUES (84, 'Cleveland', 'Ullrich', 'lueilwitz.buster@example.net', '(201)797-5053x500', '1991-03-13 17:09:46', '1974-03-19 09:20:09');
INSERT INTO `users` (`id`, `first_name`, `last_name`, `email`, `phone`, `created_at`, `updated_at`) VALUES (85, 'Juanita', 'Medhurst', 'derek35@example.net', '1-496-150-3689x50164', '1986-11-26 17:50:29', '1987-11-24 07:45:34');
INSERT INTO `users` (`id`, `first_name`, `last_name`, `email`, `phone`, `created_at`, `updated_at`) VALUES (86, 'Guido', 'Quitzon', 'caitlyn.hettinger@example.com', '(698)394-8236x270', '1987-10-17 00:59:23', '1999-07-17 23:54:51');
INSERT INTO `users` (`id`, `first_name`, `last_name`, `email`, `phone`, `created_at`, `updated_at`) VALUES (87, 'Ashley', 'Grant', 'emma.lehner@example.org', '00260684053', '1993-08-27 12:35:33', '1978-10-28 01:44:24');
INSERT INTO `users` (`id`, `first_name`, `last_name`, `email`, `phone`, `created_at`, `updated_at`) VALUES (88, 'Kelley', 'Halvorson', 'stefan.mayert@example.org', '(084)951-5902x83051', '2000-10-19 22:12:47', '1984-07-13 22:18:07');
INSERT INTO `users` (`id`, `first_name`, `last_name`, `email`, `phone`, `created_at`, `updated_at`) VALUES (89, 'Danyka', 'Boehm', 'kaelyn.krajcik@example.com', '556-508-4715', '1999-04-08 17:25:23', '2001-07-20 18:04:21');
INSERT INTO `users` (`id`, `first_name`, `last_name`, `email`, `phone`, `created_at`, `updated_at`) VALUES (90, 'Lourdes', 'Denesik', 'yhettinger@example.org', '(969)215-4575x37162', '1986-07-19 21:48:25', '1981-10-02 11:43:30');
INSERT INTO `users` (`id`, `first_name`, `last_name`, `email`, `phone`, `created_at`, `updated_at`) VALUES (91, 'Bell', 'Gulgowski', 'beau.shanahan@example.org', '421.021.3672x190', '2015-03-15 17:35:28', '1986-01-29 15:50:14');
INSERT INTO `users` (`id`, `first_name`, `last_name`, `email`, `phone`, `created_at`, `updated_at`) VALUES (92, 'Serena', 'Collier', 'bosco.beth@example.org', '083-061-2404', '2006-04-13 08:23:01', '2011-05-25 22:29:17');
INSERT INTO `users` (`id`, `first_name`, `last_name`, `email`, `phone`, `created_at`, `updated_at`) VALUES (93, 'Wyman', 'McClure', 'cristina92@example.org', '1-120-175-8455x3651', '1970-06-04 23:28:34', '1998-02-23 02:35:14');
INSERT INTO `users` (`id`, `first_name`, `last_name`, `email`, `phone`, `created_at`, `updated_at`) VALUES (94, 'Tony', 'Sawayn', 'francesco54@example.org', '(481)816-4470', '2010-03-28 18:44:07', '2005-01-16 18:17:36');
INSERT INTO `users` (`id`, `first_name`, `last_name`, `email`, `phone`, `created_at`, `updated_at`) VALUES (95, 'Augustus', 'Lesch', 'lance.white@example.org', '447.969.5975x340', '2017-01-23 00:58:38', '2005-04-22 06:26:31');
INSERT INTO `users` (`id`, `first_name`, `last_name`, `email`, `phone`, `created_at`, `updated_at`) VALUES (96, 'Trycia', 'Weber', 'boehm.tillman@example.com', '(439)631-5375', '1985-06-18 19:01:03', '1990-05-02 08:24:20');
INSERT INTO `users` (`id`, `first_name`, `last_name`, `email`, `phone`, `created_at`, `updated_at`) VALUES (97, 'Cleora', 'Langworth', 'myrna.glover@example.org', '05836482779', '1989-01-20 01:48:34', '1996-05-19 16:57:24');
INSERT INTO `users` (`id`, `first_name`, `last_name`, `email`, `phone`, `created_at`, `updated_at`) VALUES (98, 'Lauryn', 'Cummerata', 'ron.thompson@example.net', '715-193-9286', '2016-07-29 19:42:54', '1977-07-20 10:28:46');
INSERT INTO `users` (`id`, `first_name`, `last_name`, `email`, `phone`, `created_at`, `updated_at`) VALUES (99, 'Destiney', 'Mayer', 'nmitchell@example.org', '(161)816-2631x796', '2015-06-24 08:26:13', '2018-05-03 20:03:04');
INSERT INTO `users` (`id`, `first_name`, `last_name`, `email`, `phone`, `created_at`, `updated_at`) VALUES (100, 'Eduardo', 'Collier', 'natasha09@example.net', '654-031-4280x5390', '1979-12-16 06:12:37', '1970-03-05 12:06:13');


